fly_threshold,fly_tp,fly_fp,fly_tn,fly_fn,fly_accuracy,fly_precision,fly_recall,fly_specificity,fly_f1,fly_false_positive_rate,fly_roc_auc,fly_pr_auc
0.01134086586534977,149,1205,0,0,0.11004431314623338,0.11004431314623338,1.0,0.0,0.19827012641383898,1.0,0.9385947812526108,0.7454592800525117
0.014220481486991048,149,1191,14,0,0.12038404726735598,0.11119402985074626,1.0,0.011618257261410789,0.20013431833445264,0.9883817427385893,0.9385947812526108,0.7454592800525117
0.015896241702139376,149,1177,28,0,0.1307237813884786,0.11236802413273002,1.0,0.023236514522821577,0.20203389830508475,0.9767634854771784,0.9385947812526108,0.7454592800525117
0.016170678762719035,149,1175,30,0,0.13220088626292467,0.11253776435045318,1.0,0.024896265560165973,0.2023082145281738,0.975103734439834,0.9385947812526108,0.7454592800525117
0.01769763441756368,149,1164,41,0,0.14032496307237813,0.11348057882711349,1.0,0.03402489626556016,0.20383036935704518,0.9659751037344398,0.9385947812526108,0.7454592800525117
0.020723670944571497,149,1150,55,0,0.15066469719350073,0.1147036181678214,1.0,0.04564315352697095,0.2058011049723757,0.9543568464730291,0.9385947812526108,0.7454592800525117
0.0210004916600883,149,1149,56,0,0.15140324963072377,0.1147919876733436,1.0,0.046473029045643155,0.20594333102971665,0.9535269709543569,0.9385947812526108,0.7454592800525117
0.022602012008428575,149,1137,68,0,0.1602658788774003,0.11586314152410575,1.0,0.056431535269709544,0.2076655052264808,0.9435684647302904,0.9385947812526108,0.7454592800525117
0.02381423156708479,149,1123,82,0,0.1706056129985229,0.11713836477987422,1.0,0.06804979253112033,0.20971147079521463,0.9319502074688797,0.9385947812526108,0.7454592800525117
0.025830304557457568,149,1112,93,0,0.17872968980797638,0.11816019032513878,1.0,0.07717842323651453,0.21134751773049645,0.9228215767634855,0.9385947812526108,0.7454592800525117
0.026237169187515976,149,1110,95,0,0.18020679468242246,0.11834789515488484,1.0,0.07883817427385892,0.21164772727272727,0.921161825726141,0.9385947812526108,0.7454592800525117
0.02916228719055653,149,1096,109,0,0.19054652880354506,0.11967871485943775,1.0,0.09045643153526971,0.21377331420373025,0.9095435684647303,0.9385947812526108,0.7454592800525117
0.030660117454826833,149,1090,115,0,0.19497784342688332,0.12025827280064569,1.0,0.0954356846473029,0.21469740634005766,0.9045643153526971,0.9385947812526108,0.7454592800525117
0.033359003849327565,149,1083,122,0,0.20014771048744462,0.12094155844155845,1.0,0.1012448132780083,0.21578566256335988,0.8987551867219917,0.9385947812526108,0.7454592800525117
0.035489930352196095,148,1071,134,1,0.20827178729689808,0.1214109926168991,0.9932885906040269,0.11120331950207468,0.21637426900584797,0.8887966804979253,0.9385947812526108,0.7454592800525117
0.035554641112685206,148,1070,135,1,0.20901033973412111,0.12151067323481117,0.9932885906040269,0.11203319502074689,0.21653255303584493,0.8879668049792531,0.9385947812526108,0.7454592800525117
0.03704995028674603,147,1058,147,2,0.2171344165435746,0.12199170124481327,0.9865771812080537,0.12199170124481327,0.2171344165435746,0.8780082987551867,0.9385947812526108,0.7454592800525117
0.03884197607636452,147,1044,161,2,0.2274741506646972,0.12342569269521411,0.9865771812080537,0.13360995850622406,0.21940298507462688,0.866390041493776,0.9385947812526108,0.7454592800525117
0.04031974324956537,147,1038,167,2,0.23190546528803546,0.1240506329113924,0.9865771812080537,0.13858921161825727,0.22038980509745126,0.8614107883817428,0.9385947812526108,0.7454592800525117
0.041598836183547976,147,1031,174,2,0.23707533234859676,0.12478777589134125,0.9865771812080537,0.14439834024896264,0.22155237377543333,0.8556016597510373,0.9385947812526108,0.7454592800525117
0.04491365991532803,147,1017,188,2,0.24741506646971936,0.12628865979381443,0.9865771812080537,0.15601659751037344,0.2239146991622239,0.8439834024896266,0.9385947812526108,0.7454592800525117
0.04514955614693463,147,1016,189,2,0.2481536189069424,0.12639724849527084,0.9865771812080537,0.15684647302904564,0.2240853658536585,0.8431535269709544,0.9385947812526108,0.7454592800525117
0.04843794349581003,147,1004,201,2,0.2570162481536189,0.12771503040834056,0.9865771812080537,0.16680497925311202,0.22615384615384615,0.833195020746888,0.9385947812526108,0.7454592800525117
0.0499793690443039,147,990,215,2,0.2673559822747415,0.12928759894459102,0.9865771812080537,0.17842323651452283,0.2286158631415241,0.8215767634854771,0.9385947812526108,0.7454592800525117
0.05011267185211183,147,990,215,2,0.2673559822747415,0.12928759894459102,0.9865771812080537,0.17842323651452283,0.2286158631415241,0.8215767634854771,0.9385947812526108,0.7454592800525117
0.05286266956478358,147,976,229,2,0.2776957163958641,0.13089937666963491,0.9865771812080537,0.1900414937759336,0.23113207547169812,0.8099585062240664,0.9385947812526108,0.7454592800525117
0.05480918194167316,147,966,239,2,0.28508124076809455,0.1320754716981132,0.9865771812080537,0.1983402489626556,0.2329635499207607,0.8016597510373444,0.9385947812526108,0.7454592800525117
0.05566899098455906,147,963,242,2,0.28729689807976366,0.13243243243243244,0.9865771812080537,0.2008298755186722,0.2335186656076251,0.7991701244813278,0.9385947812526108,0.7454592800525117
0.05928747911006212,147,949,256,2,0.29763663220088626,0.13412408759124086,0.9865771812080537,0.21244813278008298,0.23614457831325303,0.787551867219917,0.9385947812526108,0.7454592800525117
0.05963899483904243,147,946,259,2,0.2998522895125554,0.1344922232387923,0.9865771812080537,0.2149377593360996,0.2367149758454106,0.7850622406639004,0.9385947812526108,0.7454592800525117
0.06074482202529907,147,936,269,2,0.3072378138847858,0.13573407202216067,0.9865771812080537,0.2232365145228216,0.23863636363636365,0.7767634854771784,0.9385947812526108,0.7454592800525117
0.06277447476983071,146,923,282,3,0.31610044313146235,0.13657623947614594,0.9798657718120806,0.23402489626556017,0.23973727422003288,0.7659751037344399,0.9385947812526108,0.7454592800525117
0.06428747370839119,146,910,295,3,0.3257016248153619,0.13825757575757575,0.9798657718120806,0.24481327800829875,0.24232365145228213,0.7551867219917012,0.9385947812526108,0.7454592800525117
0.0644688077364117,146,908,297,3,0.327178729689808,0.13851992409867173,0.9798657718120806,0.24647302904564317,0.24272651704073148,0.7535269709543568,0.9385947812526108,0.7454592800525117
0.06731979697942733,146,896,309,3,0.3360413589364845,0.1401151631477927,0.9798657718120806,0.2564315352697095,0.24517212426532325,0.7435684647302905,0.9385947812526108,0.7454592800525117
0.06929862063378096,146,888,317,3,0.3419497784342688,0.14119922630560927,0.9798657718120806,0.26307053941908715,0.24683009298393913,0.7369294605809129,0.9385947812526108,0.7454592800525117
0.0697875764966011,146,883,322,3,0.345642540620384,0.14188532555879493,0.9798657718120806,0.2672199170124481,0.24787775891341254,0.7327800829875518,0.9385947812526108,0.7454592800525117
0.07219143398106098,146,869,336,3,0.3559822747415066,0.1438423645320197,0.9798657718120806,0.27883817427385893,0.2508591065292096,0.7211618257261411,0.9385947812526108,0.7454592800525117
0.07407488644123078,146,856,349,3,0.3655834564254062,0.14570858283433133,0.9798657718120806,0.28962655601659754,0.2536924413553432,0.7103734439834025,0.9385947812526108,0.7454592800525117
0.07412843353115023,146,855,350,3,0.3663220088626292,0.14585414585414586,0.9798657718120806,0.29045643153526973,0.2539130434782609,0.7095435684647303,0.9385947812526108,0.7454592800525117
0.07540088333189487,146,842,363,3,0.3759231905465288,0.14777327935222673,0.9798657718120806,0.3012448132780083,0.256816182937555,0.6987551867219917,0.9385947812526108,0.7454592800525117
0.07725845247507096,146,829,376,3,0.38552437223042835,0.14974358974358976,0.9798657718120806,0.3120331950207469,0.2597864768683274,0.6879668049792531,0.9385947812526108,0.7454592800525117
0.0789582464285195,146,819,386,3,0.3929098966026588,0.15129533678756477,0.9798657718120806,0.3203319502074689,0.2621184919210054,0.6796680497925311,0.9385947812526108,0.7454592800525117
0.07943504109978675,146,815,390,3,0.39586410635155095,0.15192507804370448,0.9798657718120806,0.3236514522821577,0.2630630630630631,0.6763485477178424,0.9385947812526108,0.7454592800525117
0.08171977624297141,146,802,403,3,0.4054652880354505,0.1540084388185654,0.9798657718120806,0.33443983402489624,0.2661804922515953,0.6655601659751037,0.9385947812526108,0.7454592800525117
0.08329684682190418,146,788,417,3,0.4158050221565731,0.15631691648822268,0.9798657718120806,0.34605809128630705,0.2696214219759926,0.653941908713693,0.9385947812526108,0.7454592800525117
0.08378805932588876,146,780,425,3,0.4217134416543575,0.15766738660907129,0.9798657718120806,0.35269709543568467,0.2716279069767442,0.6473029045643154,0.9385947812526108,0.7454592800525117
0.08425701916217804,146,775,430,3,0.4254062038404727,0.15852334419109662,0.9798657718120806,0.35684647302904565,0.27289719626168224,0.6431535269709544,0.9385947812526108,0.7454592800525117
0.08549837820231915,146,761,444,3,0.4357459379615953,0.1609702315325248,0.9798657718120806,0.36846473029045645,0.27651515151515144,0.6315352697095435,0.9385947812526108,0.7454592800525117
0.08725745379924774,146,747,458,3,0.4460856720827179,0.16349384098544234,0.9798657718120806,0.3800829875518672,0.2802303262955854,0.6199170124481328,0.9385947812526108,0.7454592800525117
0.08861787222325802,146,735,470,3,0.4549483013293944,0.16572077185017026,0.9798657718120806,0.3900414937759336,0.283495145631068,0.6099585062240664,0.9385947812526108,0.7454592800525117
0.08905089721083644,146,734,471,3,0.45568685376661744,0.16590909090909092,0.9798657718120806,0.3908713692946058,0.2837706511175899,0.6091286307053941,0.9385947812526108,0.7454592800525117
0.09117203891277313,146,720,485,3,0.46602658788774004,0.16859122401847576,0.9798657718120806,0.4024896265560166,0.2876847290640394,0.5975103734439834,0.9385947812526108,0.7454592800525117
0.09300660192966462,146,707,498,3,0.4756277695716396,0.17116060961313012,0.9798657718120806,0.41327800829875516,0.29141716566866266,0.5867219917012448,0.9385947812526108,0.7454592800525117
0.09344768512062729,146,704,501,3,0.4778434268833087,0.17176470588235293,0.9798657718120806,0.4157676348547718,0.29229229229229226,0.5842323651452282,0.9385947812526108,0.7454592800525117
0.09546888142824173,146,693,512,3,0.4859675036927622,0.17401668653158522,0.9798657718120806,0.42489626556016596,0.29554655870445345,0.575103734439834,0.9385947812526108,0.7454592800525117
0.09757411107420921,145,681,524,4,0.49409158050221563,0.17554479418886199,0.9731543624161074,0.4348547717842324,0.29743589743589743,0.5651452282157676,0.9385947812526108,0.7454592800525117
0.09827749801799655,145,678,527,4,0.4963072378138848,0.17618469015795868,0.9731543624161074,0.43734439834024896,0.29835390946502055,0.562655601659751,0.9385947812526108,0.7454592800525117
0.10022199749946595,145,667,538,4,0.5044313146233382,0.17857142857142858,0.9731543624161074,0.4464730290456432,0.3017689906347555,0.5535269709543569,0.9385947812526108,0.7454592800525117
0.10253465220332147,144,655,550,5,0.5125553914327917,0.1802252816020025,0.9664429530201343,0.45643153526970953,0.30379746835443033,0.5435684647302904,0.9385947812526108,0.7454592800525117
0.10310731091536582,144,652,553,5,0.5147710487444609,0.18090452261306533,0.9664429530201343,0.4589211618257261,0.30476190476190473,0.5410788381742738,0.9385947812526108,0.7454592800525117
0.1050143140554428,144,641,564,5,0.5228951255539144,0.18343949044585986,0.9664429530201343,0.46804979253112033,0.30835117773019266,0.5319502074688797,0.9385947812526108,0.7454592800525117
0.10760076567530631,144,628,577,5,0.5324963072378139,0.18652849740932642,0.9664429530201343,0.47883817427385894,0.3127035830618892,0.5211618257261411,0.9385947812526108,0.7454592800525117
0.10793712381273508,144,625,580,5,0.534711964549483,0.18725617685305593,0.9664429530201343,0.48132780082987553,0.3137254901960784,0.5186721991701245,0.9385947812526108,0.7454592800525117
0.10994350522756577,144,614,591,5,0.5428360413589365,0.18997361477572558,0.9664429530201343,0.4904564315352697,0.3175303197353914,0.5095435684647303,0.9385947812526108,0.7454592800525117
0.11223619915544987,143,602,603,6,0.55096011816839,0.1919463087248322,0.959731543624161,0.5004149377593361,0.31991051454138697,0.4995850622406639,0.9385947812526108,0.7454592800525117
0.11276693671010435,143,600,605,6,0.552437223042836,0.19246298788694483,0.959731543624161,0.5020746887966805,0.32062780269058294,0.4979253112033195,0.9385947812526108,0.7454592800525117
0.11529091939330101,143,588,617,6,0.5612998522895125,0.19562243502051985,0.959731543624161,0.5120331950207468,0.32499999999999996,0.4879668049792531,0.9385947812526108,0.7454592800525117
0.11759674960747361,143,584,621,6,0.5642540620384048,0.19669876203576342,0.959731543624161,0.5153526970954356,0.32648401826484025,0.4846473029045643,0.9385947812526108,0.7454592800525117
0.11909262791275978,142,576,629,7,0.569423929098966,0.1977715877437326,0.9530201342281879,0.5219917012448133,0.32756632064590546,0.47800829875518674,0.9385947812526108,0.7454592800525117
0.12146428763866424,142,562,643,7,0.5797636632200887,0.20170454545454544,0.9530201342281879,0.5336099585062241,0.33294255568581477,0.46639004149377594,0.9385947812526108,0.7454592800525117
0.12242656250484288,142,559,646,7,0.5819793205317577,0.20256776034236804,0.9530201342281879,0.5360995850622406,0.33411764705882346,0.46390041493775935,0.9385947812526108,0.7454592800525117
0.12449483044445515,142,549,656,7,0.5893648449039882,0.20549927641099855,0.9530201342281879,0.5443983402489626,0.33809523809523806,0.45560165975103734,0.9385947812526108,0.7454592800525117
0.12725637540221216,142,539,666,7,0.5967503692762186,0.20851688693098386,0.9530201342281879,0.5526970954356847,0.3421686746987952,0.4473029045643154,0.9385947812526108,0.7454592800525117
0.12794893980026245,142,535,670,7,0.5997045790251108,0.20974889217134415,0.9530201342281879,0.5560165975103735,0.3438256658595641,0.44398340248962653,0.9385947812526108,0.7454592800525117
0.13071635648608207,142,521,684,7,0.6100443131462334,0.21417797888386123,0.9530201342281879,0.5676348547717842,0.3497536945812808,0.4323651452282158,0.9385947812526108,0.7454592800525117
0.1320861882995814,142,513,692,7,0.6159527326440177,0.216793893129771,0.9530201342281879,0.5742738589211618,0.35323383084577115,0.42572614107883816,0.9385947812526108,0.7454592800525117
0.13441593348979952,142,508,697,7,0.619645494830133,0.21846153846153846,0.9530201342281879,0.5784232365145229,0.3554443053817271,0.4215767634854772,0.9385947812526108,0.7454592800525117
0.1369160011969507,142,502,703,7,0.6240768094534712,0.2204968944099379,0.9530201342281879,0.583402489626556,0.35813366960907944,0.416597510373444,0.9385947812526108,0.7454592800525117
0.13829185247421266,142,494,711,7,0.6299852289512555,0.22327044025157233,0.9530201342281879,0.5900414937759336,0.36178343949044584,0.4099585062240664,0.9385947812526108,0.7454592800525117
0.14103402554988861,142,481,724,7,0.6395864106351551,0.22792937399678972,0.9530201342281879,0.6008298755186722,0.36787564766839376,0.3991701244813278,0.9385947812526108,0.7454592800525117
0.14174581409431994,142,480,725,7,0.6403249630723782,0.2282958199356913,0.9530201342281879,0.6016597510373444,0.36835278858625164,0.3983402489626556,0.9385947812526108,0.7454592800525117
0.14657562699168922,142,472,733,7,0.6462333825701625,0.23127035830618892,0.9530201342281879,0.6082987551867219,0.3722149410222805,0.391701244813278,0.9385947812526108,0.7454592800525117
0.14851210191845896,142,467,738,7,0.6499261447562777,0.23316912972085385,0.9530201342281879,0.612448132780083,0.37467018469656993,0.387551867219917,0.9385947812526108,0.7454592800525117
0.15140543988905847,142,455,750,7,0.6587887740029542,0.23785594639865998,0.9530201342281879,0.6224066390041494,0.3806970509383378,0.3775933609958506,0.9385947812526108,0.7454592800525117
0.15170274913311008,142,454,751,7,0.6595273264401772,0.23825503355704697,0.9530201342281879,0.6232365145228216,0.38120805369127514,0.3767634854771784,0.9385947812526108,0.7454592800525117
0.15451372161507607,142,440,765,7,0.6698670605612999,0.24398625429553264,0.9530201342281879,0.6348547717842323,0.38850889192886456,0.3651452282157676,0.9385947812526108,0.7454592800525117
0.15623525278642775,142,434,771,7,0.6742983751846381,0.2465277777777778,0.9530201342281879,0.6398340248962655,0.3917241379310345,0.36016597510373444,0.9385947812526108,0.7454592800525117
0.15982311010360717,142,427,778,7,0.6794682422451994,0.24956063268892795,0.9530201342281879,0.645643153526971,0.3955431754874652,0.35435684647302906,0.9385947812526108,0.7454592800525117
0.161065065683797,142,421,784,7,0.6838995568685377,0.2522202486678508,0.9530201342281879,0.6506224066390042,0.398876404494382,0.34937759336099583,0.9385947812526108,0.7454592800525117
0.16438184067606926,141,414,791,8,0.6883308714918759,0.25405405405405407,0.9463087248322147,0.6564315352697095,0.4005681818181819,0.34356846473029046,0.9385947812526108,0.7454592800525117
0.16589487858116628,141,411,794,8,0.6905465288035451,0.2554347826086957,0.9463087248322147,0.6589211618257261,0.40228245363766046,0.34107883817427387,0.9385947812526108,0.7454592800525117
0.1695031315088272,141,401,804,8,0.6979320531757754,0.26014760147601473,0.9463087248322147,0.6672199170124481,0.40810419681620835,0.33278008298755185,0.9385947812526108,0.7454592800525117
0.17072469147853556,141,400,805,8,0.6986706056129985,0.26062846580406657,0.9463087248322147,0.6680497925311203,0.40869565217391307,0.33195020746887965,0.9385947812526108,0.7454592800525117
0.1755545043759048,141,392,813,8,0.7045790251107829,0.26454033771106944,0.9463087248322147,0.674688796680498,0.4134897360703813,0.3253112033195021,0.9385947812526108,0.7454592800525117
0.17668070688843723,141,387,818,8,0.7082717872968981,0.26704545454545453,0.9463087248322147,0.678838174273859,0.41654357459379615,0.3211618257261411,0.9385947812526108,0.7454592800525117
0.1803843172732741,141,376,829,8,0.7163958641063516,0.2727272727272727,0.9463087248322147,0.6879668049792531,0.42342342342342343,0.3120331950207469,0.9385947812526108,0.7454592800525117
0.18098601251840593,141,374,831,8,0.7178729689807977,0.2737864077669903,0.9463087248322147,0.6896265560165975,0.4246987951807229,0.3103734439834025,0.9385947812526108,0.7454592800525117
0.18521413017064334,141,362,843,8,0.7267355982274741,0.2803180914512923,0.9463087248322147,0.6995850622406639,0.43251533742331294,0.3004149377593361,0.9385947812526108,0.7454592800525117
0.18635850280523297,141,360,845,8,0.7282127031019202,0.281437125748503,0.9463087248322147,0.7012448132780082,0.4338461538461538,0.2987551867219917,0.9385947812526108,0.7454592800525117
0.19004394306801262,141,350,855,8,0.7355982274741507,0.28716904276985744,0.9463087248322147,0.7095435684647303,0.440625,0.29045643153526973,0.9385947812526108,0.7454592800525117
0.19186238706111908,140,348,857,9,0.7363367799113737,0.28688524590163933,0.9395973154362416,0.7112033195020747,0.4395604395604396,0.2887966804979253,0.9385947812526108,0.7454592800525117
0.19487375596538187,140,335,870,9,0.7459379615952733,0.29473684210526313,0.9395973154362416,0.7219917012448133,0.4487179487179487,0.27800829875518673,0.9385947812526108,0.7454592800525117
0.19550079107284546,140,334,871,9,0.7466765140324964,0.29535864978902954,0.9395973154362416,0.7228215767634855,0.449438202247191,0.27717842323651454,0.9385947812526108,0.7454592800525117
0.19970356886275115,140,323,882,9,0.7548005908419497,0.3023758099352052,0.9395973154362416,0.7319502074688796,0.45751633986928103,0.2680497925311203,0.9385947812526108,0.7454592800525117
0.2003806859254837,140,321,884,9,0.7562776957163959,0.3036876355748373,0.9395973154362416,0.733609958506224,0.459016393442623,0.26639004149377593,0.9385947812526108,0.7454592800525117
0.2045333817601204,140,314,891,9,0.7614475627769571,0.30837004405286345,0.9395973154362416,0.7394190871369295,0.4643449419568823,0.26058091286307056,0.9385947812526108,0.7454592800525117
0.20824771896004676,140,307,898,9,0.7666174298375185,0.3131991051454139,0.9395973154362416,0.7452282157676349,0.4697986577181208,0.25477178423236513,0.9385947812526108,0.7454592800525117
0.20936319465748968,140,303,902,9,0.7695716395864106,0.3160270880361174,0.9395973154362416,0.7485477178423237,0.472972972972973,0.25145228215767634,0.9385947812526108,0.7454592800525117
0.21345562994480133,140,293,912,9,0.7769571639586411,0.3233256351039261,0.9395973154362416,0.7568464730290456,0.48109965635738833,0.24315352697095435,0.9385947812526108,0.7454592800525117
0.21419300755485893,140,292,913,9,0.7776957163958641,0.32407407407407407,0.9395973154362416,0.7576763485477178,0.4819277108433735,0.24232365145228216,0.9385947812526108,0.7454592800525117
0.2190228204522282,140,283,922,9,0.7843426883308715,0.3309692671394799,0.9395973154362416,0.7651452282157676,0.4895104895104895,0.23485477178423236,0.9385947812526108,0.7454592800525117
0.2213887530565262,140,280,925,9,0.7865583456425406,0.3333333333333333,0.9395973154362416,0.7676348547717843,0.49209138840070293,0.23236514522821577,0.9385947812526108,0.7454592800525117
0.22385263334959746,140,277,928,9,0.7887740029542097,0.33573141486810554,0.9395973154362416,0.7701244813278009,0.4946996466431095,0.22987551867219916,0.9385947812526108,0.7454592800525117
0.22868244624696674,138,271,934,11,0.7917282127031019,0.3374083129584352,0.9261744966442953,0.775103734439834,0.4946236559139785,0.22489626556016598,0.9385947812526108,0.7454592800525117
0.22972233593463903,138,268,937,11,0.7939438700147711,0.3399014778325123,0.9261744966442953,0.7775933609958506,0.4972972972972973,0.22240663900414936,0.9385947812526108,0.7454592800525117
0.233512259144336,138,262,943,11,0.7983751846381093,0.345,0.9261744966442953,0.7825726141078838,0.5027322404371584,0.2174273858921162,0.9385947812526108,0.7454592800525117
0.2374261149764061,138,255,950,11,0.8035450516986706,0.3511450381679389,0.9261744966442953,0.7883817427385892,0.5092250922509225,0.21161825726141079,0.9385947812526108,0.7454592800525117
0.23834207204170527,138,251,954,11,0.8064992614475628,0.35475578406169667,0.9261744966442953,0.791701244813278,0.513011152416357,0.208298755186722,0.9385947812526108,0.7454592800525117
0.24317188493907455,138,241,964,11,0.8138847858197932,0.3641160949868074,0.9261744966442953,0.8,0.5227272727272727,0.2,0.9385947812526108,0.7454592800525117
0.2432396650314331,138,241,964,11,0.8138847858197932,0.3641160949868074,0.9261744966442953,0.8,0.5227272727272727,0.2,0.9385947812526108,0.7454592800525117
0.2480016978364438,138,235,970,11,0.8183161004431314,0.3699731903485255,0.9261744966442953,0.8049792531120332,0.5287356321839081,0.1950207468879668,0.9385947812526108,0.7454592800525117
0.25130999326705933,137,229,976,12,0.8220088626292467,0.3743169398907104,0.9194630872483222,0.8099585062240664,0.5320388349514564,0.1900414937759336,0.9385947812526108,0.7454592800525117
0.25283151073381305,137,228,977,12,0.8227474150664698,0.37534246575342467,0.9194630872483222,0.8107883817427386,0.5330739299610896,0.1892116182572614,0.9385947812526108,0.7454592800525117
0.2576613236311823,137,228,977,12,0.8227474150664698,0.37534246575342467,0.9194630872483222,0.8107883817427386,0.5330739299610896,0.1892116182572614,0.9385947812526108,0.7454592800525117
0.2624911365285516,137,221,984,12,0.827917282127031,0.38268156424581007,0.9194630872483222,0.816597510373444,0.5404339250493096,0.183402489626556,0.9385947812526108,0.7454592800525117
0.2673209494259209,137,218,987,12,0.8301329394387001,0.38591549295774646,0.9194630872483222,0.8190871369294606,0.5436507936507936,0.18091286307053941,0.9385947812526108,0.7454592800525117
0.270836797952652,137,215,990,12,0.8323485967503693,0.38920454545454547,0.9194630872483222,0.8215767634854771,0.5469061876247504,0.17842323651452283,0.9385947812526108,0.7454592800525117
0.2721507623232901,137,214,991,12,0.8330871491875923,0.3903133903133903,0.9194630872483222,0.8224066390041493,0.5479999999999999,0.17759336099585063,0.9385947812526108,0.7454592800525117
0.2769805752206594,137,207,998,12,0.8382570162481536,0.39825581395348836,0.9194630872483222,0.8282157676348548,0.5557809330628803,0.17178423236514523,0.9385947812526108,0.7454592800525117
0.28181038811802867,136,203,1002,13,0.8404726735598228,0.40117994100294985,0.912751677852349,0.8315352697095436,0.5573770491803279,0.16846473029045644,0.9385947812526108,0.7454592800525117
0.28206920623779297,136,203,1002,13,0.8404726735598228,0.40117994100294985,0.912751677852349,0.8315352697095436,0.5573770491803279,0.16846473029045644,0.9385947812526108,0.7454592800525117
0.28664020101539794,136,195,1010,13,0.8463810930576071,0.4108761329305136,0.912751677852349,0.8381742738589212,0.5666666666666667,0.16182572614107885,0.9385947812526108,0.7454592800525117
0.2904878175258636,136,189,1016,13,0.8508124076809453,0.41846153846153844,0.912751677852349,0.8431535269709544,0.5738396624472574,0.15684647302904564,0.9385947812526108,0.7454592800525117
0.29147001391276717,136,187,1018,13,0.8522895125553914,0.42105263157894735,0.912751677852349,0.8448132780082988,0.5762711864406779,0.15518672199170125,0.9385947812526108,0.7454592800525117
0.29629982681013645,136,184,1021,13,0.8545051698670606,0.425,0.912751677852349,0.8473029045643153,0.579957356076759,0.15269709543568466,0.9385947812526108,0.7454592800525117
0.3011296397075057,135,178,1027,14,0.8581979320531757,0.43130990415335463,0.9060402684563759,0.8522821576763485,0.5844155844155844,0.14771784232365145,0.9385947812526108,0.7454592800525117
0.30415846645832045,135,177,1028,14,0.8589364844903988,0.4326923076923077,0.9060402684563759,0.8531120331950207,0.5856832971800433,0.14688796680497926,0.9385947812526108,0.7454592800525117
0.305959452604875,135,176,1029,14,0.8596750369276218,0.4340836012861736,0.9060402684563759,0.8539419087136929,0.5869565217391305,0.14605809128630706,0.9385947812526108,0.7454592800525117
0.3107892655022442,135,173,1032,14,0.861890694239291,0.4383116883116883,0.9060402684563759,0.8564315352697095,0.5908096280087528,0.14356846473029045,0.9385947812526108,0.7454592800525117
0.3156190783996135,135,168,1037,14,0.8655834564254062,0.44554455445544555,0.9060402684563759,0.8605809128630706,0.5973451327433628,0.13941908713692946,0.9385947812526108,0.7454592800525117
0.3204488912969828,135,166,1039,14,0.8670605612998523,0.4485049833887043,0.9060402684563759,0.862240663900415,0.6,0.13775933609958507,0.9385947812526108,0.7454592800525117
0.3242301505804066,134,164,1041,15,0.8677991137370753,0.44966442953020136,0.8993288590604027,0.8639004149377594,0.5995525727069352,0.13609958506224065,0.9385947812526108,0.7454592800525117
0.32527870419435206,134,164,1041,15,0.8677991137370753,0.44966442953020136,0.8993288590604027,0.8639004149377594,0.5995525727069352,0.13609958506224065,0.9385947812526108,0.7454592800525117
0.33010851709172134,134,161,1044,15,0.8700147710487445,0.4542372881355932,0.8993288590604027,0.866390041493776,0.6036036036036037,0.13360995850622406,0.9385947812526108,0.7454592800525117
0.33493832998909057,134,160,1045,15,0.8707533234859675,0.4557823129251701,0.8993288590604027,0.8672199170124482,0.6049661399548533,0.13278008298755187,0.9385947812526108,0.7454592800525117
0.33976814288645985,134,154,1051,15,0.8751846381093058,0.4652777777777778,0.8993288590604027,0.8721991701244813,0.6132723112128146,0.12780082987551866,0.9385947812526108,0.7454592800525117
0.3445979557838291,133,152,1053,16,0.8759231905465288,0.4666666666666667,0.8926174496644296,0.8738589211618257,0.6129032258064516,0.12614107883817427,0.9385947812526108,0.7454592800525117
0.346438701152802,133,152,1053,16,0.8759231905465288,0.4666666666666667,0.8926174496644296,0.8738589211618257,0.6129032258064516,0.12614107883817427,0.9385947812526108,0.7454592800525117
0.3494277686811984,133,149,1056,16,0.878138847858198,0.4716312056737589,0.8926174496644296,0.8763485477178423,0.617169373549884,0.12365145228215768,0.9385947812526108,0.7454592800525117
0.3542575815785676,133,147,1058,16,0.879615952732644,0.475,0.8926174496644296,0.8780082987551867,0.62004662004662,0.12199170124481327,0.9385947812526108,0.7454592800525117
0.3590873944759369,133,142,1063,16,0.8833087149187593,0.48363636363636364,0.8926174496644296,0.8821576763485477,0.6273584905660379,0.11784232365145228,0.9385947812526108,0.7454592800525117
0.3639172073733062,133,139,1066,16,0.8855243722304283,0.4889705882352941,0.8926174496644296,0.8846473029045643,0.6318289786223278,0.11535269709543569,0.9385947812526108,0.7454592800525117
0.36790300011634847,133,138,1067,16,0.8862629246676514,0.4907749077490775,0.8926174496644296,0.8854771784232365,0.6333333333333334,0.11452282157676348,0.9385947812526108,0.7454592800525117
0.36874702027067546,133,138,1067,16,0.8862629246676514,0.4907749077490775,0.8926174496644296,0.8854771784232365,0.6333333333333334,0.11452282157676348,0.9385947812526108,0.7454592800525117
0.3735768331680447,133,137,1068,16,0.8870014771048744,0.4925925925925926,0.8926174496644296,0.8863070539419087,0.6348448687350835,0.11369294605809128,0.9385947812526108,0.7454592800525117
0.37840664606541397,133,132,1073,16,0.8906942392909897,0.5018867924528302,0.8926174496644296,0.8904564315352697,0.642512077294686,0.10954356846473029,0.9385947812526108,0.7454592800525117
0.38323645896278324,133,129,1076,16,0.8929098966026587,0.5076335877862596,0.8926174496644296,0.8929460580912864,0.6472019464720195,0.10705394190871369,0.9385947812526108,0.7454592800525117
0.3880662718601525,133,126,1079,16,0.8951255539143279,0.5135135135135135,0.8926174496644296,0.8954356846473029,0.6519607843137255,0.1045643153526971,0.9385947812526108,0.7454592800525117
0.39289608475752175,133,126,1079,16,0.8951255539143279,0.5135135135135135,0.8926174496644296,0.8954356846473029,0.6519607843137255,0.1045643153526971,0.9385947812526108,0.7454592800525117
0.396770288348198,133,125,1080,16,0.895864106351551,0.5155038759689923,0.8926174496644296,0.8962655601659751,0.6535626535626535,0.1037344398340249,0.9385947812526108,0.7454592800525117
0.397725897654891,133,124,1081,16,0.896602658788774,0.5175097276264592,0.8926174496644296,0.8970954356846473,0.6551724137931034,0.10290456431535269,0.9385947812526108,0.7454592800525117
0.4025557105522603,133,122,1083,16,0.8980797636632201,0.5215686274509804,0.8926174496644296,0.8987551867219917,0.6584158415841584,0.1012448132780083,0.9385947812526108,0.7454592800525117
0.4073855234496296,133,122,1083,16,0.8980797636632201,0.5215686274509804,0.8926174496644296,0.8987551867219917,0.6584158415841584,0.1012448132780083,0.9385947812526108,0.7454592800525117
0.41221533634699886,132,121,1084,17,0.8980797636632201,0.5217391304347826,0.8859060402684564,0.8995850622406639,0.6567164179104478,0.1004149377593361,0.9385947812526108,0.7454592800525117
0.4170451492443681,131,120,1085,18,0.8980797636632201,0.5219123505976095,0.8791946308724832,0.9004149377593361,0.655,0.0995850622406639,0.9385947812526108,0.7454592800525117
0.42187496214173736,131,116,1089,18,0.9010339734121122,0.5303643724696356,0.8791946308724832,0.9037344398340249,0.6616161616161617,0.09626556016597511,0.9385947812526108,0.7454592800525117
0.42670477503910664,131,116,1089,18,0.9010339734121122,0.5303643724696356,0.8791946308724832,0.9037344398340249,0.6616161616161617,0.09626556016597511,0.9385947812526108,0.7454592800525117
0.4315345879364759,131,116,1089,18,0.9010339734121122,0.5303643724696356,0.8791946308724832,0.9037344398340249,0.6616161616161617,0.09626556016597511,0.9385947812526108,0.7454592800525117
0.43636440083384515,131,115,1090,18,0.9017725258493353,0.532520325203252,0.8791946308724832,0.9045643153526971,0.6632911392405063,0.0954356846473029,0.9385947812526108,0.7454592800525117
0.4411942137312144,131,113,1092,18,0.9032496307237814,0.5368852459016393,0.8791946308724832,0.9062240663900415,0.6666666666666666,0.0937759336099585,0.9385947812526108,0.7454592800525117
0.4421086663007739,131,113,1092,18,0.9032496307237814,0.5368852459016393,0.8791946308724832,0.9062240663900415,0.6666666666666666,0.0937759336099585,0.9385947812526108,0.7454592800525117
0.4460240266285837,131,113,1092,18,0.9032496307237814,0.5368852459016393,0.8791946308724832,0.9062240663900415,0.6666666666666666,0.0937759336099585,0.9385947812526108,0.7454592800525117
0.450853839525953,131,110,1095,18,0.9054652880354506,0.5435684647302904,0.8791946308724832,0.9087136929460581,0.6717948717948719,0.0912863070539419,0.9385947812526108,0.7454592800525117
0.4556836524233222,131,110,1095,18,0.9054652880354506,0.5435684647302904,0.8791946308724832,0.9087136929460581,0.6717948717948719,0.0912863070539419,0.9385947812526108,0.7454592800525117
0.4605134653206915,130,108,1097,19,0.9062038404726735,0.5462184873949579,0.87248322147651,0.9103734439834025,0.6718346253229973,0.08962655601659751,0.9385947812526108,0.7454592800525117
0.46534327821806076,130,105,1100,19,0.9084194977843427,0.5531914893617021,0.87248322147651,0.9128630705394191,0.6770833333333334,0.08713692946058091,0.9385947812526108,0.7454592800525117
0.47017309111543004,130,105,1100,19,0.9084194977843427,0.5531914893617021,0.87248322147651,0.9128630705394191,0.6770833333333334,0.08713692946058091,0.9385947812526108,0.7454592800525117
0.4750029040127993,130,105,1100,19,0.9084194977843427,0.5531914893617021,0.87248322147651,0.9128630705394191,0.6770833333333334,0.08713692946058091,0.9385947812526108,0.7454592800525117
0.47983271691016854,130,104,1101,19,0.9091580502215657,0.5555555555555556,0.87248322147651,0.9136929460580913,0.6788511749347258,0.08630705394190871,0.9385947812526108,0.7454592800525117
0.4846625298075378,130,103,1102,19,0.9098966026587888,0.5579399141630901,0.87248322147651,0.9145228215767635,0.6806282722513088,0.08547717842323652,0.9385947812526108,0.7454592800525117
0.4894923427049071,130,103,1102,19,0.9098966026587888,0.5579399141630901,0.87248322147651,0.9145228215767635,0.6806282722513088,0.08547717842323652,0.9385947812526108,0.7454592800525117
0.49317920714616775,130,101,1104,19,0.9113737075332349,0.5627705627705628,0.87248322147651,0.9161825726141078,0.6842105263157894,0.08381742738589211,0.9385947812526108,0.7454592800525117
0.4943221556022764,130,100,1105,19,0.9121122599704579,0.5652173913043478,0.87248322147651,0.91701244813278,0.6860158311345645,0.08298755186721991,0.9385947812526108,0.7454592800525117
0.4991519684996456,130,99,1106,19,0.912850812407681,0.5676855895196506,0.87248322147651,0.9178423236514522,0.6878306878306878,0.08215767634854772,0.9385947812526108,0.7454592800525117
0.5039817813970149,129,99,1106,20,0.9121122599704579,0.5657894736842105,0.8657718120805369,0.9178423236514522,0.6843501326259948,0.08215767634854772,0.9385947812526108,0.7454592800525117
0.5088115942943842,129,98,1107,20,0.912850812407681,0.5682819383259912,0.8657718120805369,0.9186721991701244,0.6861702127659575,0.08132780082987552,0.9385947812526108,0.7454592800525117
0.5136414071917534,129,97,1108,20,0.9135893648449039,0.5707964601769911,0.8657718120805369,0.9195020746887966,0.6880000000000001,0.08049792531120332,0.9385947812526108,0.7454592800525117
0.5184712200891227,128,95,1110,21,0.914327917282127,0.5739910313901345,0.8590604026845637,0.921161825726141,0.6881720430107526,0.07883817427385892,0.9385947812526108,0.7454592800525117
0.523301032986492,128,94,1111,21,0.9150664697193501,0.5765765765765766,0.8590604026845637,0.9219917012448133,0.6900269541778976,0.07800829875518672,0.9385947812526108,0.7454592800525117
0.5281308458838612,128,94,1111,21,0.9150664697193501,0.5765765765765766,0.8590604026845637,0.9219917012448133,0.6900269541778976,0.07800829875518672,0.9385947812526108,0.7454592800525117
0.5329606587812304,128,94,1111,21,0.9150664697193501,0.5765765765765766,0.8590604026845637,0.9219917012448133,0.6900269541778976,0.07800829875518672,0.9385947812526108,0.7454592800525117
0.5377904716785997,128,92,1113,21,0.9165435745937962,0.5818181818181818,0.8590604026845637,0.9236514522821577,0.6937669376693767,0.07634854771784233,0.9385947812526108,0.7454592800525117
0.542620284575969,127,91,1114,22,0.9165435745937962,0.5825688073394495,0.8523489932885906,0.9244813278008299,0.6920980926430517,0.07551867219917012,0.9385947812526108,0.7454592800525117
0.544835340976715,127,90,1115,22,0.9172821270310192,0.5852534562211982,0.8523489932885906,0.9253112033195021,0.6939890710382514,0.07468879668049792,0.9385947812526108,0.7454592800525117
0.5474500974733383,127,89,1116,22,0.9180206794682423,0.5879629629629629,0.8523489932885906,0.9261410788381743,0.695890410958904,0.07385892116182573,0.9385947812526108,0.7454592800525117
0.5522799103707076,127,88,1117,22,0.9187592319054653,0.5906976744186047,0.8523489932885906,0.9269709543568465,0.6978021978021978,0.07302904564315353,0.9385947812526108,0.7454592800525117
0.5571097232680768,127,87,1118,22,0.9194977843426884,0.5934579439252337,0.8523489932885906,0.9278008298755187,0.6997245179063362,0.07219917012448132,0.9385947812526108,0.7454592800525117
0.5619395361654461,127,86,1119,22,0.9202363367799113,0.596244131455399,0.8523489932885906,0.9286307053941909,0.7016574585635359,0.07136929460580912,0.9385947812526108,0.7454592800525117
0.5667693490628154,127,84,1121,22,0.9217134416543574,0.6018957345971564,0.8523489932885906,0.9302904564315353,0.7055555555555556,0.06970954356846473,0.9385947812526108,0.7454592800525117
0.5715991619601846,127,83,1122,22,0.9224519940915805,0.6047619047619047,0.8523489932885906,0.9311203319502075,0.7075208913649024,0.06887966804979254,0.9385947812526108,0.7454592800525117
0.5764289748575538,127,83,1122,22,0.9224519940915805,0.6047619047619047,0.8523489932885906,0.9311203319502075,0.7075208913649024,0.06887966804979254,0.9385947812526108,0.7454592800525117
0.5812587877549231,127,82,1123,22,0.9231905465288035,0.6076555023923444,0.8523489932885906,0.9319502074688797,0.7094972067039105,0.06804979253112033,0.9385947812526108,0.7454592800525117
0.5860886006522924,127,82,1123,22,0.9231905465288035,0.6076555023923444,0.8523489932885906,0.9319502074688797,0.7094972067039105,0.06804979253112033,0.9385947812526108,0.7454592800525117
0.5909184135496617,127,82,1123,22,0.9231905465288035,0.6076555023923444,0.8523489932885906,0.9319502074688797,0.7094972067039105,0.06804979253112033,0.9385947812526108,0.7454592800525117
0.595748226447031,127,81,1124,22,0.9239290989660266,0.6105769230769231,0.8523489932885906,0.9327800829875519,0.7114845938375352,0.06721991701244813,0.9385947812526108,0.7454592800525117
0.6005780393444002,127,80,1125,22,0.9246676514032496,0.6135265700483091,0.8523489932885906,0.9336099585062241,0.7134831460674157,0.06639004149377593,0.9385947812526108,0.7454592800525117
0.6054078522417695,127,80,1125,22,0.9246676514032496,0.6135265700483091,0.8523489932885906,0.9336099585062241,0.7134831460674157,0.06639004149377593,0.9385947812526108,0.7454592800525117
0.6102376651391387,127,80,1125,22,0.9246676514032496,0.6135265700483091,0.8523489932885906,0.9336099585062241,0.7134831460674157,0.06639004149377593,0.9385947812526108,0.7454592800525117
0.615067478036508,127,80,1125,22,0.9246676514032496,0.6135265700483091,0.8523489932885906,0.9336099585062241,0.7134831460674157,0.06639004149377593,0.9385947812526108,0.7454592800525117
0.6198972909338772,127,79,1126,22,0.9254062038404727,0.616504854368932,0.8523489932885906,0.9344398340248963,0.7154929577464789,0.06556016597510374,0.9385947812526108,0.7454592800525117
0.6247271038312465,127,78,1127,22,0.9261447562776958,0.6195121951219512,0.8523489932885906,0.9352697095435685,0.7175141242937851,0.06473029045643154,0.9385947812526108,0.7454592800525117
0.6295569167286158,127,78,1127,22,0.9261447562776958,0.6195121951219512,0.8523489932885906,0.9352697095435685,0.7175141242937851,0.06473029045643154,0.9385947812526108,0.7454592800525117
0.6343867296259851,127,77,1128,22,0.9268833087149188,0.6225490196078431,0.8523489932885906,0.9360995850622407,0.7195467422096318,0.06390041493775933,0.9385947812526108,0.7454592800525117
0.6392165425233544,127,77,1128,22,0.9268833087149188,0.6225490196078431,0.8523489932885906,0.9360995850622407,0.7195467422096318,0.06390041493775933,0.9385947812526108,0.7454592800525117
0.6413475453853605,127,76,1129,22,0.9276218611521418,0.625615763546798,0.8523489932885906,0.9369294605809129,0.7215909090909091,0.06307053941908713,0.9385947812526108,0.7454592800525117
0.6440463554207236,127,76,1129,22,0.9276218611521418,0.625615763546798,0.8523489932885906,0.9369294605809129,0.7215909090909091,0.06307053941908713,0.9385947812526108,0.7454592800525117
0.6488761683180929,127,75,1130,22,0.9283604135893648,0.6287128712871287,0.8523489932885906,0.9377593360995851,0.7236467236467236,0.06224066390041494,0.9385947812526108,0.7454592800525117
0.6537059812154621,127,74,1131,22,0.9290989660265879,0.6318407960199005,0.8523489932885906,0.9385892116182573,0.7257142857142856,0.061410788381742736,0.9385947812526108,0.7454592800525117
0.6585357941128314,127,74,1131,22,0.9290989660265879,0.6318407960199005,0.8523489932885906,0.9385892116182573,0.7257142857142856,0.061410788381742736,0.9385947812526108,0.7454592800525117
0.6633656070102006,125,72,1133,24,0.9290989660265879,0.6345177664974619,0.8389261744966443,0.9402489626556016,0.7225433526011561,0.05975103734439834,0.9385947812526108,0.7454592800525117
0.6681954199075699,125,71,1134,24,0.9298375184638109,0.6377551020408163,0.8389261744966443,0.9410788381742738,0.7246376811594203,0.05892116182572614,0.9385947812526108,0.7454592800525117
0.6730252328049392,125,71,1134,24,0.9298375184638109,0.6377551020408163,0.8389261744966443,0.9410788381742738,0.7246376811594203,0.05892116182572614,0.9385947812526108,0.7454592800525117
0.6778550457023085,125,70,1135,24,0.930576070901034,0.6410256410256411,0.8389261744966443,0.941908713692946,0.7267441860465116,0.058091286307053944,0.9385947812526108,0.7454592800525117
0.6826848585996778,125,68,1137,24,0.9320531757754801,0.6476683937823834,0.8389261744966443,0.9435684647302904,0.7309941520467836,0.056431535269709544,0.9385947812526108,0.7454592800525117
0.687514671497047,124,68,1137,25,0.931314623338257,0.6458333333333334,0.8322147651006712,0.9435684647302904,0.7272727272727273,0.056431535269709544,0.9385947812526108,0.7454592800525117
0.6923444843944162,124,68,1137,25,0.931314623338257,0.6458333333333334,0.8322147651006712,0.9435684647302904,0.7272727272727273,0.056431535269709544,0.9385947812526108,0.7454592800525117
0.6971742972917855,124,68,1137,25,0.931314623338257,0.6458333333333334,0.8322147651006712,0.9435684647302904,0.7272727272727273,0.056431535269709544,0.9385947812526108,0.7454592800525117
0.7020041101891548,124,68,1137,25,0.931314623338257,0.6458333333333334,0.8322147651006712,0.9435684647302904,0.7272727272727273,0.056431535269709544,0.9385947812526108,0.7454592800525117
0.7066913449764248,124,66,1139,25,0.9327917282127031,0.6526315789473685,0.8322147651006712,0.9452282157676348,0.7315634218289085,0.054771784232365145,0.9385947812526108,0.7454592800525117
0.706833923086524,124,66,1139,25,0.9327917282127031,0.6526315789473685,0.8322147651006712,0.9452282157676348,0.7315634218289085,0.054771784232365145,0.9385947812526108,0.7454592800525117
0.7116637359838933,124,64,1141,25,0.9342688330871491,0.6595744680851063,0.8322147651006712,0.9468879668049792,0.7359050445103856,0.053112033195020746,0.9385947812526108,0.7454592800525117
0.7164935488812626,124,63,1142,25,0.9350073855243722,0.6631016042780749,0.8322147651006712,0.9477178423236514,0.7380952380952381,0.05228215767634855,0.9385947812526108,0.7454592800525117
0.7213233617786319,124,63,1142,25,0.9350073855243722,0.6631016042780749,0.8322147651006712,0.9477178423236514,0.7380952380952381,0.05228215767634855,0.9385947812526108,0.7454592800525117
0.7261531746760012,124,63,1142,25,0.9350073855243722,0.6631016042780749,0.8322147651006712,0.9477178423236514,0.7380952380952381,0.05228215767634855,0.9385947812526108,0.7454592800525117
0.7309829875733704,124,62,1143,25,0.9357459379615952,0.6666666666666666,0.8322147651006712,0.9485477178423236,0.7402985074626864,0.051452282157676346,0.9385947812526108,0.7454592800525117
0.7358128004707396,124,61,1144,25,0.9364844903988183,0.6702702702702703,0.8322147651006712,0.9493775933609958,0.7425149700598803,0.05062240663900415,0.9385947812526108,0.7454592800525117
0.7406426133681089,124,60,1145,25,0.9372230428360414,0.6739130434782609,0.8322147651006712,0.950207468879668,0.7447447447447447,0.04979253112033195,0.9385947812526108,0.7454592800525117
0.7454724262654782,124,58,1147,25,0.9387001477104875,0.6813186813186813,0.8322147651006712,0.9518672199170124,0.7492447129909366,0.048132780082987554,0.9385947812526108,0.7454592800525117
0.7503022391628474,124,57,1148,25,0.9394387001477105,0.6850828729281768,0.8322147651006712,0.9526970954356846,0.7515151515151515,0.04730290456431535,0.9385947812526108,0.7454592800525117
0.7551320520602167,123,56,1149,26,0.9394387001477105,0.6871508379888268,0.825503355704698,0.9535269709543569,0.75,0.046473029045643155,0.9385947812526108,0.7454592800525117
0.759961864957586,122,55,1150,27,0.9394387001477105,0.6892655367231638,0.8187919463087249,0.9543568464730291,0.7484662576687117,0.04564315352697095,0.9385947812526108,0.7454592800525117
0.7647916778549553,122,55,1150,27,0.9394387001477105,0.6892655367231638,0.8187919463087249,0.9543568464730291,0.7484662576687117,0.04564315352697095,0.9385947812526108,0.7454592800525117
0.7696214907523246,122,55,1150,27,0.9394387001477105,0.6892655367231638,0.8187919463087249,0.9543568464730291,0.7484662576687117,0.04564315352697095,0.9385947812526108,0.7454592800525117
0.7717010009288782,121,55,1150,28,0.9387001477104875,0.6875,0.8120805369127517,0.9543568464730291,0.7446153846153847,0.04564315352697095,0.9385947812526108,0.7454592800525117
0.7744513036496937,121,55,1150,28,0.9387001477104875,0.6875,0.8120805369127517,0.9543568464730291,0.7446153846153847,0.04564315352697095,0.9385947812526108,0.7454592800525117
0.779281116547063,120,55,1150,29,0.9379615952732644,0.6857142857142857,0.8053691275167785,0.9543568464730291,0.7407407407407408,0.04564315352697095,0.9385947812526108,0.7454592800525117
0.7841109294444323,120,55,1150,29,0.9379615952732644,0.6857142857142857,0.8053691275167785,0.9543568464730291,0.7407407407407408,0.04564315352697095,0.9385947812526108,0.7454592800525117
0.7889407423418016,120,55,1150,29,0.9379615952732644,0.6857142857142857,0.8053691275167785,0.9543568464730291,0.7407407407407408,0.04564315352697095,0.9385947812526108,0.7454592800525117
0.7937705552391708,120,55,1150,29,0.9379615952732644,0.6857142857142857,0.8053691275167785,0.9543568464730291,0.7407407407407408,0.04564315352697095,0.9385947812526108,0.7454592800525117
0.7986003681365401,119,53,1152,30,0.9387001477104875,0.6918604651162791,0.7986577181208053,0.9560165975103735,0.7414330218068536,0.04398340248962656,0.9385947812526108,0.7454592800525117
0.8034301810339094,119,53,1152,30,0.9387001477104875,0.6918604651162791,0.7986577181208053,0.9560165975103735,0.7414330218068536,0.04398340248962656,0.9385947812526108,0.7454592800525117
0.8082599939312787,119,53,1152,30,0.9387001477104875,0.6918604651162791,0.7986577181208053,0.9560165975103735,0.7414330218068536,0.04398340248962656,0.9385947812526108,0.7454592800525117
0.813089806828648,117,53,1152,32,0.9372230428360414,0.6882352941176471,0.785234899328859,0.9560165975103735,0.7335423197492162,0.04398340248962656,0.9385947812526108,0.7454592800525117
0.8179196197260171,117,52,1153,32,0.9379615952732644,0.6923076923076923,0.785234899328859,0.9568464730290457,0.7358490566037735,0.043153526970954356,0.9385947812526108,0.7454592800525117
0.8227494326233864,116,51,1154,33,0.9379615952732644,0.6946107784431138,0.7785234899328859,0.9576763485477179,0.7341772151898736,0.04232365145228216,0.9385947812526108,0.7454592800525117
0.8275792455207557,115,50,1155,34,0.9379615952732644,0.696969696969697,0.7718120805369127,0.9585062240663901,0.7324840764331211,0.04149377593360996,0.9385947812526108,0.7454592800525117
0.832409058418125,115,49,1156,34,0.9387001477104875,0.7012195121951219,0.7718120805369127,0.9593360995850623,0.7348242811501597,0.04066390041493776,0.9385947812526108,0.7454592800525117
0.8372388713154942,114,49,1156,35,0.9379615952732644,0.6993865030674846,0.7651006711409396,0.9593360995850623,0.7307692307692307,0.04066390041493776,0.9385947812526108,0.7454592800525117
0.8420686842128635,114,49,1156,35,0.9379615952732644,0.6993865030674846,0.7651006711409396,0.9593360995850623,0.7307692307692307,0.04066390041493776,0.9385947812526108,0.7454592800525117
0.8428530859947216,114,49,1156,35,0.9379615952732644,0.6993865030674846,0.7651006711409396,0.9593360995850623,0.7307692307692307,0.04066390041493776,0.9385947812526108,0.7454592800525117
0.8468984971102328,114,49,1156,35,0.9379615952732644,0.6993865030674846,0.7651006711409396,0.9593360995850623,0.7307692307692307,0.04066390041493776,0.9385947812526108,0.7454592800525117
0.8517283100076021,114,48,1157,35,0.9387001477104875,0.7037037037037037,0.7651006711409396,0.9601659751037345,0.7331189710610934,0.03983402489626556,0.9385947812526108,0.7454592800525117
0.8565581229049712,113,48,1157,36,0.9379615952732644,0.7018633540372671,0.7583892617449665,0.9601659751037345,0.7290322580645162,0.03983402489626556,0.9385947812526108,0.7454592800525117
0.8613879358023405,113,48,1157,36,0.9379615952732644,0.7018633540372671,0.7583892617449665,0.9601659751037345,0.7290322580645162,0.03983402489626556,0.9385947812526108,0.7454592800525117
0.8662177486997098,111,48,1157,38,0.9364844903988183,0.6981132075471698,0.7449664429530202,0.9601659751037345,0.7207792207792207,0.03983402489626556,0.9385947812526108,0.7454592800525117
0.8710475615970791,111,46,1159,38,0.9379615952732644,0.7070063694267515,0.7449664429530202,0.9618257261410789,0.7254901960784313,0.038174273858921165,0.9385947812526108,0.7454592800525117
0.8758773744944484,111,44,1161,38,0.9394387001477105,0.7161290322580646,0.7449664429530202,0.9634854771784233,0.7302631578947368,0.036514522821576766,0.9385947812526108,0.7454592800525117
0.8807071873918176,109,44,1161,40,0.9379615952732644,0.7124183006535948,0.7315436241610739,0.9634854771784233,0.7218543046357616,0.036514522821576766,0.9385947812526108,0.7454592800525117
0.8841748905181888,107,42,1163,42,0.9379615952732644,0.7181208053691275,0.7181208053691275,0.9651452282157676,0.7181208053691276,0.034854771784232366,0.9385947812526108,0.7454592800525117
0.8855370002891869,107,42,1163,42,0.9379615952732644,0.7181208053691275,0.7181208053691275,0.9651452282157676,0.7181208053691276,0.034854771784232366,0.9385947812526108,0.7454592800525117
0.8903668131865562,105,40,1165,44,0.9379615952732644,0.7241379310344828,0.7046979865771812,0.966804979253112,0.7142857142857143,0.03319502074688797,0.9385947812526108,0.7454592800525117
0.8951966260839255,105,38,1167,44,0.9394387001477105,0.7342657342657343,0.7046979865771812,0.9684647302904564,0.7191780821917809,0.03153526970954357,0.9385947812526108,0.7454592800525117
0.9000264389812946,103,37,1168,46,0.9387001477104875,0.7357142857142858,0.6912751677852349,0.9692946058091286,0.7128027681660899,0.030705394190871368,0.9385947812526108,0.7454592800525117
0.9048562518786639,102,35,1170,47,0.9394387001477105,0.7445255474452555,0.6845637583892618,0.970954356846473,0.7132867132867133,0.029045643153526972,0.9385947812526108,0.7454592800525117
0.9079627275466919,101,35,1170,48,0.9387001477104875,0.7426470588235294,0.6778523489932886,0.970954356846473,0.7087719298245615,0.029045643153526972,0.9385947812526108,0.7454592800525117
0.9096860647760332,100,34,1171,49,0.9387001477104875,0.746268656716418,0.6711409395973155,0.9717842323651452,0.7067137809187279,0.028215767634854772,0.9385947812526108,0.7454592800525117
0.9145158776734025,97,31,1174,52,0.9387001477104875,0.7578125,0.6510067114093959,0.9742738589211618,0.7003610108303249,0.025726141078838173,0.9385947812526108,0.7454592800525117
0.9193456905707718,95,29,1176,54,0.9387001477104875,0.7661290322580645,0.6375838926174496,0.9759336099585062,0.695970695970696,0.024066390041493777,0.9385947812526108,0.7454592800525117
0.9209190553426743,93,29,1176,56,0.9372230428360414,0.7622950819672131,0.6241610738255033,0.9759336099585062,0.6863468634686347,0.024066390041493777,0.9385947812526108,0.7454592800525117
0.924175503468141,89,28,1177,60,0.9350073855243722,0.7606837606837606,0.5973154362416108,0.9767634854771784,0.6691729323308271,0.023236514522821577,0.9385947812526108,0.7454592800525117
0.9285818195343017,82,27,1178,67,0.930576070901034,0.7522935779816514,0.5503355704697986,0.9775933609958506,0.6356589147286822,0.022406639004149378,0.9385947812526108,0.7454592800525117
0.9290053163655103,81,27,1178,68,0.9298375184638109,0.75,0.5436241610738255,0.9775933609958506,0.6303501945525292,0.022406639004149378,0.9385947812526108,0.7454592800525117
0.9338351292628796,80,22,1183,69,0.9327917282127031,0.7843137254901961,0.5369127516778524,0.9817427385892116,0.6374501992031872,0.018257261410788383,0.9385947812526108,0.7454592800525117
0.9372511947154999,77,18,1187,72,0.9335302806499262,0.8105263157894737,0.5167785234899329,0.9850622406639005,0.6311475409836065,0.014937759336099586,0.9385947812526108,0.7454592800525117
0.9386649421602489,75,18,1187,74,0.9320531757754801,0.8064516129032258,0.5033557046979866,0.9850622406639005,0.6198347107438017,0.014937759336099586,0.9385947812526108,0.7454592800525117
0.943494755057618,69,17,1188,80,0.9283604135893648,0.8023255813953488,0.46308724832214765,0.9858921161825727,0.5872340425531914,0.014107883817427386,0.9385947812526108,0.7454592800525117
0.9451611506938935,66,16,1189,83,0.9268833087149188,0.8048780487804879,0.4429530201342282,0.9867219917012449,0.5714285714285714,0.013278008298755186,0.9385947812526108,0.7454592800525117
0.9483245679549873,62,15,1190,87,0.9246676514032496,0.8051948051948052,0.4161073825503356,0.9875518672199171,0.5486725663716814,0.012448132780082987,0.9385947812526108,0.7454592800525117
0.9519528090953827,57,11,1194,92,0.9239290989660266,0.8382352941176471,0.3825503355704698,0.9908713692946058,0.5253456221198156,0.009128630705394191,0.9385947812526108,0.7454592800525117
0.9531543808523566,55,10,1195,94,0.9231905465288035,0.8461538461538461,0.3691275167785235,0.991701244813278,0.5140186915887851,0.008298755186721992,0.9385947812526108,0.7454592800525117
0.9579841937497259,50,8,1197,99,0.9209748892171344,0.8620689655172413,0.33557046979865773,0.9933609958506224,0.4830917874396135,0.006639004149377593,0.9385947812526108,0.7454592800525117
0.9591898560523986,48,7,1198,101,0.9202363367799113,0.8727272727272727,0.3221476510067114,0.9941908713692946,0.4705882352941177,0.005809128630705394,0.9385947812526108,0.7454592800525117
0.9628140066470952,41,5,1200,108,0.9165435745937962,0.8913043478260869,0.2751677852348993,0.995850622406639,0.4205128205128205,0.004149377593360996,0.9385947812526108,0.7454592800525117
0.9641814118623733,36,5,1200,113,0.912850812407681,0.8780487804878049,0.24161073825503357,0.995850622406639,0.37894736842105264,0.004149377593360996,0.9385947812526108,0.7454592800525117
0.9676438195444644,24,4,1201,125,0.9047267355982275,0.8571428571428571,0.1610738255033557,0.9966804979253112,0.2711864406779661,0.0033195020746887966,0.9385947812526108,0.7454592800525117
0.9676585149765015,24,4,1201,125,0.9047267355982275,0.8571428571428571,0.1610738255033557,0.9966804979253112,0.2711864406779661,0.0033195020746887966,0.9385947812526108,0.7454592800525117
0.9720407623052597,12,2,1203,137,0.8973412112259971,0.8571428571428571,0.08053691275167785,0.9983402489626556,0.14723926380368096,0.0016597510373443983,0.9385947812526108,0.7454592800525117
0.9724736324418337,10,2,1203,139,0.895864106351551,0.8333333333333334,0.06711409395973154,0.9983402489626556,0.12422360248447205,0.0016597510373443983,0.9385947812526108,0.7454592800525117
0.9773034453392029,1,0,1205,148,0.8906942392909897,1.0,0.006711409395973154,1.0,0.013333333333333332,0.0,0.9385947812526108,0.7454592800525117
