target_date,bird_id,true_label,probability,selected_threshold,predicted_label,target_step_km
2019-11-08,Sara + / DER AU017 (eobs 3941),0,0.3554135,0.5,0,0.09372765
2019-11-08,Sierit  / DER AN858 (eobs2561),0,0.35403487,0.5,0,0.059674926
2019-11-08,Zozu + / DER AL581 (eobs2541),0,0.33805278,0.5,0,3.0746284
2019-11-09,Angela / DER AY470 (eobs 4001),0,0.37672618,0.5,0,0.5061008
2019-11-09,Europa / DER A1A26 (eobs 4004),0,0.4095005,0.5,0,0.6153253
2019-11-09,Louis / DER AU050 (eobs 3264),0,0.34814903,0.5,0,0.6122411
2019-11-09,Mirabell + / DER AN910 (eobs 3907),0,0.43913344,0.5,0,20.91366
2019-11-09,Sara + / DER AU017 (eobs 3941),0,0.3542365,0.5,0,0.013276666
2019-11-09,Sierit  / DER AN858 (eobs2561),0,0.35290328,0.5,0,0.06672798
2019-11-09,Zozu + / DER AL581 (eobs2541),0,0.3370304,0.5,0,4.706623
2019-11-10,Angela / DER AY470 (eobs 4001),0,0.3758756,0.5,0,0.31925437
2019-11-10,Europa / DER A1A26 (eobs 4004),0,0.40826857,0.5,0,4.5518446
2019-11-10,Louis / DER AU050 (eobs 3264),0,0.34601238,0.5,0,0.0063628047
2019-11-10,Mirabell + / DER AN910 (eobs 3907),0,0.43915096,0.5,0,0.0024594099
2019-11-10,Sara + / DER AU017 (eobs 3941),0,0.3529492,0.5,0,0.0040011727
2019-11-10,Sierit  / DER AN858 (eobs2561),0,0.35221237,0.5,0,5.6040635
2019-11-10,Zozu + / DER AL581 (eobs2541),0,0.33539772,0.5,0,8.09023
2019-11-11,Angela / DER AY470 (eobs 4001),0,0.37474072,0.5,0,0.33657038
2019-11-11,Europa / DER A1A26 (eobs 4004),0,0.4069574,0.5,0,1.7698361
2019-11-11,Louis / DER AU050 (eobs 3264),0,0.34397885,0.5,0,0.004805491
2019-11-11,Mirabell + / DER AN910 (eobs 3907),0,0.43885648,0.5,0,0.08875402
2019-11-11,Sara + / DER AU017 (eobs 3941),0,0.35207957,0.5,0,0.050646394
2019-11-11,Sierit  / DER AN858 (eobs2561),0,0.35110185,0.5,0,5.8623376
2019-11-11,Zozu + / DER AL581 (eobs2541),0,0.33393094,0.5,0,0.09364996
2019-11-12,Angela / DER AY470 (eobs 4001),0,0.3739124,0.5,0,0.11512898
2019-11-12,Europa / DER A1A26 (eobs 4004),0,0.40549695,0.5,0,6.229133
2019-11-12,Louis / DER AU050 (eobs 3264),0,0.34290054,0.5,0,3.6350644
2019-11-12,Mirabell + / DER AN910 (eobs 3907),0,0.4389845,0.5,0,0.09813746
2019-11-12,Sara + / DER AU017 (eobs 3941),0,0.35087252,0.5,0,0.029187951
2019-11-12,Sierit  / DER AN858 (eobs2561),0,0.3501093,0.5,0,0.34506217
2019-11-12,Zozu + / DER AL581 (eobs2541),0,0.33238837,0.5,0,6.4709167
2019-11-13,Angela / DER AY470 (eobs 4001),0,0.37280852,0.5,0,0.49467632
2019-11-13,Europa / DER A1A26 (eobs 4004),0,0.40453932,0.5,0,7.786413
2019-11-13,Louis / DER AU050 (eobs 3264),0,0.34059405,0.5,0,3.6352274
2019-11-13,Mirabell + / DER AN910 (eobs 3907),0,0.43828517,0.5,0,1.0751693
2019-11-13,Sara + / DER AU017 (eobs 3941),0,0.3497112,0.5,0,0.017926939
2019-11-13,Sierit  / DER AN858 (eobs2561),0,0.3490039,0.5,0,0.32522118
2019-11-13,Zozu + / DER AL581 (eobs2541),0,0.33107156,0.5,0,0.013543652
2019-11-14,Angela / DER AY470 (eobs 4001),0,0.37166902,0.5,0,0.0646586
2019-11-14,Europa / DER A1A26 (eobs 4004),0,0.40397593,0.5,0,5.262263
2019-11-14,Louis / DER AU050 (eobs 3264),0,0.33864057,0.5,0,0.3387918
2019-11-14,Mirabell + / DER AN910 (eobs 3907),0,0.43811455,0.5,0,1.0861148
2019-11-14,Sara + / DER AU017 (eobs 3941),0,0.34885666,0.5,0,4.1394877
2019-11-14,Sierit  / DER AN858 (eobs2561),0,0.34787914,0.5,0,0.028489904
2019-11-14,Zozu + / DER AL581 (eobs2541),0,0.32981056,0.5,0,0.0906081
2019-11-15,Angela / DER AY470 (eobs 4001),0,0.37038034,0.5,0,0.04266649
2019-11-15,Europa / DER A1A26 (eobs 4004),0,0.40282387,0.5,0,5.5853415
2019-11-15,Louis / DER AU050 (eobs 3264),0,0.33671334,0.5,0,0.33888805
2019-11-15,Mirabell + / DER AN910 (eobs 3907),0,0.43714318,0.5,0,1.2649938
2019-11-15,Sara + / DER AU017 (eobs 3941),0,0.3475967,0.5,0,4.1340904
2019-11-15,Sierit  / DER AN858 (eobs2561),0,0.34660634,0.5,0,14.677325
2019-11-15,Zozu + / DER AL581 (eobs2541),0,0.32830906,0.5,0,0.0909918
2019-11-16,Angela / DER AY470 (eobs 4001),0,0.36956665,0.5,0,0.0075803446
2019-11-16,Louis / DER AU050 (eobs 3264),0,0.3347893,0.5,0,0.009168202
2019-11-16,Mirabell + / DER AN910 (eobs 3907),0,0.43479195,0.5,0,1.6959139
2019-11-16,Sara + / DER AU017 (eobs 3941),0,0.34688118,0.5,0,0.026901858
2019-11-16,Sierit  / DER AN858 (eobs2561),0,0.34594998,0.5,0,9.31083
2019-11-16,Zozu + / DER AL581 (eobs2541),0,0.32654148,0.5,0,0.002444287
2019-11-17,Angela / DER AY470 (eobs 4001),0,0.36869517,0.5,0,3.4387429
2019-11-17,Louis / DER AU050 (eobs 3264),0,0.33291608,0.5,0,0.36717263
2019-11-17,Mirabell + / DER AN910 (eobs 3907),0,0.4338133,0.5,0,1.5926824
2019-11-17,Sara + / DER AU017 (eobs 3941),0,0.34614423,0.5,0,0.024206312
2019-11-17,Sierit  / DER AN858 (eobs2561),0,0.3456556,0.5,0,0.051827416
2019-11-17,Zozu + / DER AL581 (eobs2541),0,0.32546565,0.5,0,5.8428946
2019-11-18,Angela / DER AY470 (eobs 4001),0,0.36660868,0.5,0,0.25847366
2019-11-18,Louis / DER AU050 (eobs 3264),0,0.33088464,0.5,0,0.18598334
2019-11-18,Mirabell + / DER AN910 (eobs 3907),0,0.432086,0.5,0,0.94266945
2019-11-18,Sara + / DER AU017 (eobs 3941),0,0.34496632,0.5,0,0.028180595
2019-11-18,Sierit  / DER AN858 (eobs2561),0,0.34541366,0.5,0,8.14405
2019-11-18,Zozu + / DER AL581 (eobs2541),0,0.32399613,0.5,0,5.844592
2019-11-19,Angela / DER AY470 (eobs 4001),0,0.36579573,0.5,0,0.35126427
2019-11-19,Louis / DER AU050 (eobs 3264),0,0.3292106,0.5,0,0.17203976
2019-11-19,Mirabell + / DER AN910 (eobs 3907),0,0.43152386,0.5,0,1.039324
2019-11-19,Sara + / DER AU017 (eobs 3941),0,0.34321657,0.5,0,0.14518423
2019-11-19,Sierit  / DER AN858 (eobs2561),0,0.34472215,0.5,0,6.830725
2019-11-19,Zozu + / DER AL581 (eobs2541),0,0.3221719,0.5,0,1.9778725
2019-11-20,Angela / DER AY470 (eobs 4001),0,0.3646482,0.5,0,0.19890858
2019-11-20,Louis / DER AU050 (eobs 3264),0,0.32769158,0.5,0,0.0093310345
2019-11-20,Mirabell + / DER AN910 (eobs 3907),1,0.42995718,0.5,0,118.851395
2019-11-20,Sara + / DER AU017 (eobs 3941),0,0.34185034,0.5,0,0.018661367
2019-11-20,Sierit  / DER AN858 (eobs2561),0,0.3444829,0.5,0,0.002957061
2019-11-20,Zozu + / DER AL581 (eobs2541),0,0.3203713,0.5,0,1.9886934
2019-11-21,Angela / DER AY470 (eobs 4001),0,0.3634322,0.5,0,1.826903
2019-11-21,Louis / DER AU050 (eobs 3264),0,0.32580575,0.5,0,0.013549338
2019-11-21,Mirabell + / DER AN910 (eobs 3907),1,0.4282056,0.5,0,46.942413
2019-11-21,Sara + / DER AU017 (eobs 3941),0,0.3404545,0.5,0,0.021817602
2019-11-21,Sierit  / DER AN858 (eobs2561),0,0.34426486,0.5,0,7.9495797
2019-11-21,Zozu + / DER AL581 (eobs2541),0,0.3190223,0.5,0,1.6364815
2019-11-22,Angela / DER AY470 (eobs 4001),0,0.36240527,0.5,0,1.4731357
2019-11-22,Louis / DER AU050 (eobs 3264),0,0.32403958,0.5,0,0.024743773
2019-11-22,Mirabell + / DER AN910 (eobs 3907),0,0.42665985,0.5,0,6.4989223
2019-11-22,Sara + / DER AU017 (eobs 3941),0,0.33934313,0.5,0,0.010732398
2019-11-22,Sierit  / DER AN858 (eobs2561),0,0.34342748,0.5,0,13.665651
2019-11-22,Zozu + / DER AL581 (eobs2541),0,0.31725731,0.5,0,1.637768
2019-11-23,Angela / DER AY470 (eobs 4001),0,0.36128956,0.5,0,3.442102
2019-11-23,Louis / DER AU050 (eobs 3264),0,0.32231092,0.5,0,0.029179333
2019-11-23,Mirabell + / DER AN910 (eobs 3907),0,0.42557192,0.5,0,0.17331757
2019-11-23,Sara + / DER AU017 (eobs 3941),0,0.33725226,0.5,0,0.22664332
2019-11-23,Sierit  / DER AN858 (eobs2561),0,0.3430867,0.5,0,8.058794
2019-11-23,Zozu + / DER AL581 (eobs2541),0,0.31584933,0.5,0,0.0133839855
2019-11-24,Angela / DER AY470 (eobs 4001),0,0.35994622,0.5,0,3.526672
2019-11-24,Louis / DER AU050 (eobs 3264),0,0.32014692,0.5,0,1.1340188
2019-11-24,Mirabell + / DER AN910 (eobs 3907),0,0.42485744,0.5,0,11.1773205
2019-11-24,Sara + / DER AU017 (eobs 3941),0,0.3354964,0.5,0,0.13726018
2019-11-24,Sierit  / DER AN858 (eobs2561),0,0.34274483,0.5,0,1.0866092
2019-11-24,Zozu + / DER AL581 (eobs2541),0,0.31464428,0.5,0,0.015461633
2019-11-25,Angela / DER AY470 (eobs 4001),0,0.3592058,0.5,0,0.18294378
2019-11-25,Louis / DER AU050 (eobs 3264),0,0.31813645,0.5,0,0.7179475
2019-11-25,Mirabell + / DER AN910 (eobs 3907),0,0.42361787,0.5,0,24.700953
2019-11-25,Sara + / DER AU017 (eobs 3941),0,0.33343947,0.5,0,0.5303379
2019-11-25,Sierit  / DER AN858 (eobs2561),0,0.34275123,0.5,0,2.3543816
2019-11-25,Zozu + / DER AL581 (eobs2541),0,0.3130953,0.5,0,0.8105639
2019-11-26,Angela / DER AY470 (eobs 4001),0,0.35803533,0.5,0,0.2330669
2019-11-26,Louis / DER AU050 (eobs 3264),0,0.31650087,0.5,0,0.6411105
2019-11-26,Mirabell + / DER AN910 (eobs 3907),1,0.42275128,0.5,0,62.433643
2019-11-26,Sara + / DER AU017 (eobs 3941),0,0.33192113,0.5,0,0.56309223
2019-11-26,Sierit  / DER AN858 (eobs2561),0,0.34225106,0.5,0,6.8260856
2019-11-26,Zozu + / DER AL581 (eobs2541),0,0.31126854,0.5,0,0.80803776
2019-11-27,Angela / DER AY470 (eobs 4001),0,0.35693705,0.5,0,1.2668691
2019-11-27,Louis / DER AU050 (eobs 3264),0,0.314647,0.5,0,0.0011132708
2019-11-27,Mirabell + / DER AN910 (eobs 3907),0,0.4212375,0.5,0,12.546112
2019-11-27,Sara + / DER AU017 (eobs 3941),0,0.33006832,0.5,0,2.0030031
2019-11-27,Sierit  / DER AN858 (eobs2561),0,0.3415633,0.5,0,13.393824
2019-11-27,Zozu + / DER AL581 (eobs2541),0,0.3095262,0.5,0,1.6158541
2019-11-28,Angela / DER AY470 (eobs 4001),0,0.3560456,0.5,0,0.92112017
2019-11-28,Louis / DER AU050 (eobs 3264),0,0.31287706,0.5,0,0.7909731
2019-11-28,Mirabell + / DER AN910 (eobs 3907),0,0.42021647,0.5,0,0.39062682
2019-11-28,Sara + / DER AU017 (eobs 3941),0,0.328083,0.5,0,0.9784613
2019-11-28,Sierit  / DER AN858 (eobs2561),0,0.3411595,0.5,0,6.499193
2019-11-28,Zozu + / DER AL581 (eobs2541),0,0.30808732,0.5,0,0.012244043
2019-11-29,Angela / DER AY470 (eobs 4001),0,0.35418415,0.5,0,0.18983671
2019-11-29,Louis / DER AU050 (eobs 3264),0,0.3108736,0.5,0,0.002815296
2019-11-29,Mirabell + / DER AN910 (eobs 3907),0,0.41920048,0.5,0,1.7596956
2019-11-29,Sara + / DER AU017 (eobs 3941),0,0.3261918,0.5,0,0.70214254
2019-11-29,Sierit  / DER AN858 (eobs2561),0,0.3411693,0.5,0,1.4549618
2019-11-29,Zozu + / DER AL581 (eobs2541),0,0.30625564,0.5,0,2.001316
2019-11-30,Angela / DER AY470 (eobs 4001),0,0.35224077,0.5,0,0.16875415
2019-11-30,Louis / DER AU050 (eobs 3264),0,0.30925852,0.5,0,0.0028073965
2019-11-30,Mirabell + / DER AN910 (eobs 3907),0,0.41835013,0.5,0,9.566613
2019-11-30,Sara + / DER AU017 (eobs 3941),0,0.3238733,0.5,0,2.4702475
2019-11-30,Sierit  / DER AN858 (eobs2561),0,0.34042606,0.5,0,8.340731
2019-11-30,Zozu + / DER AL581 (eobs2541),0,0.30485106,0.5,0,2.0372267
2019-12-01,Angela / DER AY470 (eobs 4001),0,0.3506067,0.5,0,3.6939094
2019-12-01,Louis / DER AU050 (eobs 3264),0,0.30749813,0.5,0,0.4057726
2019-12-01,Mirabell + / DER AN910 (eobs 3907),0,0.41670853,0.5,0,9.109502
2019-12-01,Sara + / DER AU017 (eobs 3941),0,0.32266188,0.5,0,0.49458098
2019-12-01,Sierit  / DER AN858 (eobs2561),0,0.3402848,0.5,0,6.8517475
2019-12-01,Zozu + / DER AL581 (eobs2541),0,0.3034865,0.5,0,0.006450524
2019-12-02,Angela / DER AY470 (eobs 4001),0,0.3489265,0.5,0,0.023334812
2019-12-02,Louis / DER AU050 (eobs 3264),0,0.3053361,0.5,0,0.041186526
2019-12-02,Mirabell + / DER AN910 (eobs 3907),0,0.4161608,0.5,0,0.025870973
2019-12-02,Sara + / DER AU017 (eobs 3941),0,0.32046744,0.5,0,0.48682842
2019-12-02,Sierit  / DER AN858 (eobs2561),0,0.34030798,0.5,0,0.0092934035
2019-12-02,Zozu + / DER AL581 (eobs2541),0,0.30182838,0.5,0,0.0033939069
2019-12-03,Angela / DER AY470 (eobs 4001),0,0.34695348,0.5,0,3.5917184
2019-12-03,Louis / DER AU050 (eobs 3264),0,0.30332422,0.5,0,0.4160065
2019-12-03,Mirabell + / DER AN910 (eobs 3907),0,0.415277,0.5,0,2.377071
2019-12-03,Sara + / DER AU017 (eobs 3941),0,0.3190245,0.5,0,0.007910816
2019-12-03,Sierit  / DER AN858 (eobs2561),0,0.33941358,0.5,0,1.1055884
2019-12-03,Zozu + / DER AL581 (eobs2541),0,0.30050704,0.5,0,0.08340692
2019-12-04,Angela / DER AY470 (eobs 4001),0,0.34559777,0.5,0,0.13247351
2019-12-04,Louis / DER AU050 (eobs 3264),0,0.3013998,0.5,0,3.5728054
2019-12-04,Mirabell + / DER AN910 (eobs 3907),0,0.41364446,0.5,0,0.4207554
2019-12-04,Sara + / DER AU017 (eobs 3941),0,0.31702662,0.5,0,0.0037080892
2019-12-04,Sierit  / DER AN858 (eobs2561),0,0.3394881,0.5,0,1.1778661
2019-12-04,Zozu + / DER AL581 (eobs2541),0,0.2988238,0.5,0,0.033783834
2019-12-05,Angela / DER AY470 (eobs 4001),0,0.34452558,0.5,0,0.008998623
2019-12-05,Mirabell + / DER AN910 (eobs 3907),0,0.41203043,0.5,0,7.380247
2019-12-05,Sara + / DER AU017 (eobs 3941),0,0.3151323,0.5,0,0.008285652
2019-12-05,Sierit  / DER AN858 (eobs2561),0,0.33920038,0.5,0,2.305037
2019-12-05,Zozu + / DER AL581 (eobs2541),0,0.29761112,0.5,0,0.029195528
2019-12-06,Angela / DER AY470 (eobs 4001),0,0.34354234,0.5,0,0.09988166
2019-12-06,Mirabell + / DER AN910 (eobs 3907),0,0.41080368,0.5,0,0.058136657
2019-12-06,Sara + / DER AU017 (eobs 3941),0,0.31317404,0.5,0,0.6383796
2019-12-06,Sierit  / DER AN858 (eobs2561),0,0.3386116,0.5,0,0.003750643
2019-12-06,Zozu + / DER AL581 (eobs2541),1,0.29579827,0.5,0,49.354767
2019-12-07,Angela / DER AY470 (eobs 4001),0,0.3425737,0.5,0,0.10618658
2019-12-07,Mirabell + / DER AN910 (eobs 3907),0,0.40917334,0.5,0,7.50438
2019-12-07,Sara + / DER AU017 (eobs 3941),0,0.31144124,0.5,0,0.6069777
2019-12-07,Sierit  / DER AN858 (eobs2561),0,0.33841264,0.5,0,0.05264461
2019-12-07,Zozu + / DER AL581 (eobs2541),0,0.29568174,0.5,0,0.35621473
2019-12-08,Angela / DER AY470 (eobs 4001),0,0.34062976,0.5,0,0.009002644
2019-12-08,Mirabell + / DER AN910 (eobs 3907),0,0.4086287,0.5,0,2.8760283
2019-12-08,Sara + / DER AU017 (eobs 3941),0,0.30946475,0.5,0,0.032200392
2019-12-08,Sierit  / DER AN858 (eobs2561),0,0.3376082,0.5,0,0.00341693
2019-12-08,Zozu + / DER AL581 (eobs2541),0,0.29537684,0.5,0,1.4748272
2019-12-09,Mirabell + / DER AN910 (eobs 3907),0,0.40775546,0.5,0,8.180235
2019-12-09,Sara + / DER AU017 (eobs 3941),0,0.3079831,0.5,0,7.754417
2019-12-09,Sierit  / DER AN858 (eobs2561),0,0.33660188,0.5,0,2.5018983
2019-12-09,Zozu + / DER AL581 (eobs2541),1,0.29497513,0.5,0,48.202354
2019-12-10,Mirabell + / DER AN910 (eobs 3907),0,0.40613398,0.5,0,12.3262205
2019-12-10,Sara + / DER AU017 (eobs 3941),0,0.30624333,0.5,0,0.17606051
2019-12-10,Sierit  / DER AN858 (eobs2561),0,0.3353312,0.5,0,0.039485052
2019-12-10,Zozu + / DER AL581 (eobs2541),0,0.29474255,0.5,0,0.17847928
2019-12-11,Mirabell + / DER AN910 (eobs 3907),0,0.4059515,0.5,0,0.05927635
2019-12-11,Sara + / DER AU017 (eobs 3941),0,0.3043728,0.5,0,7.538261
2019-12-11,Sierit  / DER AN858 (eobs2561),0,0.334212,0.5,0,0.0038378693
2019-12-11,Zozu + / DER AL581 (eobs2541),0,0.29440412,0.5,0,8.031143
2019-12-12,Mirabell + / DER AN910 (eobs 3907),0,0.40562207,0.5,0,12.659581
2019-12-12,Sara + / DER AU017 (eobs 3941),0,0.3024953,0.5,0,8.325936
2019-12-12,Sierit  / DER AN858 (eobs2561),0,0.33320048,0.5,0,0.2827151
2019-12-12,Zozu + / DER AL581 (eobs2541),0,0.294484,0.5,0,0.023288382
2019-12-13,Mirabell + / DER AN910 (eobs 3907),0,0.4048692,0.5,0,1.8061308
2019-12-13,Sara + / DER AU017 (eobs 3941),0,0.30066872,0.5,0,0.6212993
2019-12-13,Sierit  / DER AN858 (eobs2561),0,0.33200645,0.5,0,0.2674856
2019-12-13,Zozu + / DER AL581 (eobs2541),0,0.2942742,0.5,0,0.16845141
2019-12-14,Mirabell + / DER AN910 (eobs 3907),0,0.40354604,0.5,0,8.758194
2019-12-14,Sara + / DER AU017 (eobs 3941),0,0.2987483,0.5,0,0.011975269
2019-12-14,Sierit  / DER AN858 (eobs2561),0,0.3310508,0.5,0,3.122537
2019-12-14,Zozu + / DER AL581 (eobs2541),0,0.29407725,0.5,0,6.2229757
2019-12-15,Mirabell + / DER AN910 (eobs 3907),0,0.40245163,0.5,0,4.473478
2019-12-15,Sara + / DER AU017 (eobs 3941),0,0.29674807,0.5,0,0.015423816
2019-12-15,Sierit  / DER AN858 (eobs2561),0,0.32976606,0.5,0,4.003162
2019-12-15,Zozu + / DER AL581 (eobs2541),0,0.2937454,0.5,0,1.6152493
2019-12-16,Mirabell + / DER AN910 (eobs 3907),0,0.40129313,0.5,0,4.3963313
2019-12-16,Sara + / DER AU017 (eobs 3941),0,0.29493496,0.5,0,0.008352211
2019-12-16,Sierit  / DER AN858 (eobs2561),0,0.3287701,0.5,0,1.147046
2019-12-16,Zozu + / DER AL581 (eobs2541),0,0.29355958,0.5,0,7.985445
2019-12-17,Mirabell + / DER AN910 (eobs 3907),0,0.39991343,0.5,0,0.05041683
2019-12-17,Sara + / DER AU017 (eobs 3941),0,0.29303062,0.5,0,0.049576253
2019-12-17,Sierit  / DER AN858 (eobs2561),0,0.32804644,0.5,0,0.4769017
2019-12-17,Zozu + / DER AL581 (eobs2541),0,0.2936929,0.5,0,0.05763608
2019-12-18,Mirabell + / DER AN910 (eobs 3907),0,0.3986586,0.5,0,0.029944774
2019-12-18,Sara + / DER AU017 (eobs 3941),0,0.29065108,0.5,0,7.762636
2019-12-18,Sierit  / DER AN858 (eobs2561),0,0.3264406,0.5,0,0.3009379
2019-12-18,Zozu + / DER AL581 (eobs2541),0,0.29300234,0.5,0,0.036349416
2019-12-19,Mirabell + / DER AN910 (eobs 3907),0,0.39778087,0.5,0,0.026476515
2019-12-19,Sara + / DER AU017 (eobs 3941),0,0.28883597,0.5,0,7.7613173
2019-12-19,Sierit  / DER AN858 (eobs2561),0,0.32488686,0.5,0,0.84276557
2019-12-19,Zozu + / DER AL581 (eobs2541),0,0.29253864,0.5,0,0.051563594
2019-12-20,Sierit  / DER AN858 (eobs2561),0,0.3238182,0.5,0,0.06199803
2019-12-20,Zozu + / DER AL581 (eobs2541),0,0.29242662,0.5,0,0.0532163
2019-12-21,Sierit  / DER AN858 (eobs2561),0,0.32257202,0.5,0,0.016717505
2019-12-21,Zozu + / DER AL581 (eobs2541),0,0.29198205,0.5,0,7.8776712
2019-12-22,Sierit  / DER AN858 (eobs2561),0,0.32158327,0.5,0,1.3527427
2019-12-22,Zozu + / DER AL581 (eobs2541),0,0.29166707,0.5,0,7.775192
2019-12-23,Sierit  / DER AN858 (eobs2561),0,0.32002065,0.5,0,6.7843094
2019-12-23,Zozu + / DER AL581 (eobs2541),0,0.29179305,0.5,0,0.114996836
2019-12-24,Sierit  / DER AN858 (eobs2561),0,0.3186933,0.5,0,8.085448
2019-12-24,Zozu + / DER AL581 (eobs2541),0,0.2914186,0.5,0,7.9476185
2019-12-25,Sierit  / DER AN858 (eobs2561),0,0.3176882,0.5,0,0.05336737
2019-12-25,Zozu + / DER AL581 (eobs2541),0,0.290892,0.5,0,8.009782
2019-12-26,Sierit  / DER AN858 (eobs2561),0,0.31637898,0.5,0,2.0215783
2019-12-26,Zozu + / DER AL581 (eobs2541),0,0.29062998,0.5,0,1.4106545
2019-12-27,Sierit  / DER AN858 (eobs2561),0,0.31531557,0.5,0,6.1030827
2019-12-27,Zozu + / DER AL581 (eobs2541),0,0.29038587,0.5,0,1.3758757
2019-12-28,Sierit  / DER AN858 (eobs2561),0,0.31399405,0.5,0,0.60557914
2019-12-28,Zozu + / DER AL581 (eobs2541),0,0.29002783,0.5,0,0.26327547
2019-12-29,Sierit  / DER AN858 (eobs2561),0,0.31300387,0.5,0,2.472858
2019-12-29,Zozu + / DER AL581 (eobs2541),0,0.28968102,0.5,0,0.21406916
2019-12-30,Sierit  / DER AN858 (eobs2561),0,0.31192634,0.5,0,0.51333195
2019-12-30,Zozu + / DER AL581 (eobs2541),0,0.28946134,0.5,0,0.017875776
2019-12-31,Sierit  / DER AN858 (eobs2561),0,0.31066433,0.5,0,2.6115472
2019-12-31,Zozu + / DER AL581 (eobs2541),0,0.2893991,0.5,0,0.017251456
2020-10-21,Angela / DER AY470 (eobs 4001),0,0.39326593,0.5,0,0.059856955
2020-10-21,Europa / DER A1A26 (eobs 4004),0,0.44106072,0.5,0,0.6458434
2020-10-21,Louis / DER AU050 (eobs 3264),0,0.33238164,0.5,0,0.7867956
2020-10-21,Sierit  / DER AN858 (eobs2561),0,0.3441781,0.5,0,0.98273814
2020-10-21,Zozu + / DER AL581 (eobs2541),0,0.3617399,0.5,0,9.080298
2020-10-22,Angela / DER AY470 (eobs 4001),0,0.39196458,0.5,0,0.082818575
2020-10-22,Europa / DER A1A26 (eobs 4004),0,0.4399091,0.5,0,0.034673207
2020-10-22,Louis / DER AU050 (eobs 3264),0,0.33219996,0.5,0,0.12102698
2020-10-22,Sierit  / DER AN858 (eobs2561),0,0.34385997,0.5,0,0.012612383
2020-10-22,Zozu + / DER AL581 (eobs2541),0,0.35840458,0.5,0,9.080473
2020-10-23,Angela / DER AY470 (eobs 4001),0,0.3909357,0.5,0,0.055522162
2020-10-23,Europa / DER A1A26 (eobs 4004),0,0.43931508,0.5,0,0.0780158
2020-10-23,Louis / DER AU050 (eobs 3264),0,0.33333957,0.5,0,0.246553
2020-10-23,Sierit  / DER AN858 (eobs2561),0,0.34487417,0.5,0,8.06203
2020-10-23,Zozu + / DER AL581 (eobs2541),0,0.35700658,0.5,0,0.038820244
2020-10-24,Angela / DER AY470 (eobs 4001),0,0.38960955,0.5,0,0.16772921
2020-10-24,Europa / DER A1A26 (eobs 4004),0,0.43828237,0.5,0,0.12656221
2020-10-24,Louis / DER AU050 (eobs 3264),0,0.3348821,0.5,0,0.2462027
2020-10-24,Sierit  / DER AN858 (eobs2561),0,0.34592295,0.5,0,8.050822
2020-10-24,Zozu + / DER AL581 (eobs2541),0,0.35599646,0.5,0,0.055155993
2020-10-25,Angela / DER AY470 (eobs 4001),0,0.3886622,0.5,0,0.05750971
2020-10-25,Europa / DER A1A26 (eobs 4004),0,0.43808183,0.5,0,0.035837084
2020-10-25,Louis / DER AU050 (eobs 3264),0,0.3362903,0.5,0,0.1725327
2020-10-25,Sierit  / DER AN858 (eobs2561),0,0.34697837,0.5,0,0.8425162
2020-10-25,Zozu + / DER AL581 (eobs2541),0,0.35506696,0.5,0,0.014431529
2020-10-26,Angela / DER AY470 (eobs 4001),0,0.3879997,0.5,0,0.12841788
2020-10-26,Europa / DER A1A26 (eobs 4004),0,0.43735114,0.5,0,0.14134896
2020-10-26,Louis / DER AU050 (eobs 3264),0,0.33785295,0.5,0,1.2509832
2020-10-26,Sierit  / DER AN858 (eobs2561),0,0.34837902,0.5,0,8.87135
2020-10-26,Zozu + / DER AL581 (eobs2541),0,0.35428682,0.5,0,3.9902701
2020-10-27,Angela / DER AY470 (eobs 4001),0,0.3865492,0.5,0,1.6059214
2020-10-27,Europa / DER A1A26 (eobs 4004),0,0.43489328,0.5,0,0.07576754
2020-10-27,Louis / DER AU050 (eobs 3264),0,0.33959502,0.5,0,1.2672355
2020-10-27,Sierit  / DER AN858 (eobs2561),0,0.349143,0.5,0,8.0703945
2020-10-27,Zozu + / DER AL581 (eobs2541),0,0.35321894,0.5,0,0.0052051027
2020-10-28,Angela / DER AY470 (eobs 4001),0,0.38479987,0.5,0,1.5475199
2020-10-28,Europa / DER A1A26 (eobs 4004),0,0.43278593,0.5,0,0.394992
2020-10-28,Louis / DER AU050 (eobs 3264),0,0.34091413,0.5,0,0.2609794
2020-10-28,Sierit  / DER AN858 (eobs2561),0,0.35026518,0.5,0,7.972534
2020-10-28,Zozu + / DER AL581 (eobs2541),0,0.35225454,0.5,0,3.9938884
2020-10-29,Angela / DER AY470 (eobs 4001),0,0.38394827,0.5,0,0.13887346
2020-10-29,Europa / DER A1A26 (eobs 4004),0,0.43168738,0.5,0,0.39354622
2020-10-29,Louis / DER AU050 (eobs 3264),0,0.34230217,0.5,0,1.2301885
2020-10-29,Sierit  / DER AN858 (eobs2561),0,0.3512479,0.5,0,0.011279184
2020-10-29,Zozu + / DER AL581 (eobs2541),0,0.35179064,0.5,0,0.055760644
2020-10-30,Angela / DER AY470 (eobs 4001),0,0.3826498,0.5,0,0.14779407
2020-10-30,Europa / DER A1A26 (eobs 4004),0,0.43108928,0.5,0,0.06426948
2020-10-30,Louis / DER AU050 (eobs 3264),0,0.34407517,0.5,0,1.3856324
2020-10-30,Sierit  / DER AN858 (eobs2561),0,0.3519613,0.5,0,7.63626
2020-10-30,Zozu + / DER AL581 (eobs2541),0,0.35070005,0.5,0,0.14131379
2020-10-31,Angela / DER AY470 (eobs 4001),0,0.38179064,0.5,0,0.23705928
2020-10-31,Europa / DER A1A26 (eobs 4004),0,0.43008623,0.5,0,0.06562068
2020-10-31,Louis / DER AU050 (eobs 3264),0,0.34569708,0.5,0,1.0014001
2020-10-31,Sierit  / DER AN858 (eobs2561),0,0.3504669,0.5,0,2.9901366
2020-10-31,Zozu + / DER AL581 (eobs2541),0,0.35022327,0.5,0,0.05186673
2020-11-01,Angela / DER AY470 (eobs 4001),0,0.38025403,0.5,0,0.02645331
2020-11-01,Europa / DER A1A26 (eobs 4004),0,0.42963585,0.5,0,0.07871904
2020-11-01,Louis / DER AU050 (eobs 3264),0,0.34699383,0.5,0,0.06791223
2020-11-01,Sierit  / DER AN858 (eobs2561),0,0.3481321,0.5,0,5.395059
2020-11-01,Zozu + / DER AL581 (eobs2541),0,0.3494131,0.5,0,0.040387046
2020-11-02,Angela / DER AY470 (eobs 4001),0,0.37903416,0.5,0,0.10975452
2020-11-02,Europa / DER A1A26 (eobs 4004),0,0.42827982,0.5,0,0.13349101
2020-11-02,Louis / DER AU050 (eobs 3264),0,0.34835485,0.5,0,0.15671454
2020-11-02,Sierit  / DER AN858 (eobs2561),0,0.34605908,0.5,0,3.1584406
2020-11-02,Zozu + / DER AL581 (eobs2541),0,0.34845835,0.5,0,0.032161
2020-11-03,Angela / DER AY470 (eobs 4001),1,0.37798303,0.5,0,49.05814
2020-11-03,Europa / DER A1A26 (eobs 4004),0,0.42698357,0.5,0,0.09792187
2020-11-03,Louis / DER AU050 (eobs 3264),0,0.35001442,0.5,0,1.0773714
2020-11-03,Sierit  / DER AN858 (eobs2561),0,0.3443061,0.5,0,7.518916
2020-11-03,Zozu + / DER AL581 (eobs2541),0,0.34745094,0.5,0,0.14763036
2020-11-04,Angela / DER AY470 (eobs 4001),0,0.37716553,0.5,0,0.5245718
2020-11-04,Europa / DER A1A26 (eobs 4004),0,0.42600414,0.5,0,0.045832355
2020-11-04,Louis / DER AU050 (eobs 3264),0,0.35133824,0.5,0,0.1505555
2020-11-04,Sierit  / DER AN858 (eobs2561),0,0.3424501,0.5,0,8.082298
2020-11-04,Zozu + / DER AL581 (eobs2541),0,0.3463348,0.5,0,3.2955415
2020-11-05,Angela / DER AY470 (eobs 4001),0,0.37629044,0.5,0,0.16439621
2020-11-05,Europa / DER A1A26 (eobs 4004),0,0.42479235,0.5,0,0.026707325
2020-11-05,Louis / DER AU050 (eobs 3264),0,0.35262918,0.5,0,0.016032707
2020-11-05,Sierit  / DER AN858 (eobs2561),0,0.34040767,0.5,0,6.028582
2020-11-05,Zozu + / DER AL581 (eobs2541),0,0.34550288,0.5,0,3.2936032
2020-11-06,Angela / DER AY470 (eobs 4001),0,0.375723,0.5,0,0.18832739
2020-11-06,Europa / DER A1A26 (eobs 4004),0,0.4239694,0.5,0,0.07115172
2020-11-06,Louis / DER AU050 (eobs 3264),0,0.35084322,0.5,0,0.100069955
2020-11-06,Sierit  / DER AN858 (eobs2561),0,0.3382578,0.5,0,5.9303946
2020-11-06,Zozu + / DER AL581 (eobs2541),0,0.34486595,0.5,0,0.08753642
2020-11-07,Angela / DER AY470 (eobs 4001),0,0.37508184,0.5,0,2.0851505
2020-11-07,Europa / DER A1A26 (eobs 4004),0,0.42241842,0.5,0,0.042864576
2020-11-07,Louis / DER AU050 (eobs 3264),0,0.34832644,0.5,0,0.038737845
2020-11-07,Sierit  / DER AN858 (eobs2561),0,0.33665475,0.5,0,0.95221853
2020-11-07,Zozu + / DER AL581 (eobs2541),0,0.34388784,0.5,0,0.040473122
2020-11-08,Angela / DER AY470 (eobs 4001),0,0.3743266,0.5,0,6.2104564
2020-11-08,Europa / DER A1A26 (eobs 4004),0,0.42180812,0.5,0,0.045415934
2020-11-08,Louis / DER AU050 (eobs 3264),0,0.34608465,0.5,0,0.10016885
2020-11-08,Sierit  / DER AN858 (eobs2561),0,0.33519575,0.5,0,0.9382705
2020-11-08,Zozu + / DER AL581 (eobs2541),0,0.3426828,0.5,0,4.049643
2020-11-09,Angela / DER AY470 (eobs 4001),0,0.3741805,0.5,0,2.0237315
2020-11-09,Europa / DER A1A26 (eobs 4004),0,0.42077625,0.5,0,0.41063133
2020-11-09,Louis / DER AU050 (eobs 3264),0,0.34446594,0.5,0,0.7575166
2020-11-09,Sierit  / DER AN858 (eobs2561),0,0.33333278,0.5,0,0.0065807714
2020-11-09,Zozu + / DER AL581 (eobs2541),0,0.3418282,0.5,0,4.0692115
2020-11-10,Angela / DER AY470 (eobs 4001),0,0.3731936,0.5,0,1.8750132
2020-11-10,Europa / DER A1A26 (eobs 4004),0,0.41898024,0.5,0,0.027120871
2020-11-10,Louis / DER AU050 (eobs 3264),0,0.34247807,0.5,0,0.6610007
2020-11-10,Sierit  / DER AN858 (eobs2561),0,0.3314943,0.5,0,0.01749343
2020-11-10,Zozu + / DER AL581 (eobs2541),0,0.34081894,0.5,0,0.004995928
2020-11-11,Angela / DER AY470 (eobs 4001),0,0.37228188,0.5,0,0.056823496
2020-11-11,Europa / DER A1A26 (eobs 4004),0,0.41786432,0.5,0,0.04246047
2020-11-11,Louis / DER AU050 (eobs 3264),0,0.3404744,0.5,0,0.15427217
2020-11-11,Sierit  / DER AN858 (eobs2561),0,0.3294331,0.5,0,0.01914534
2020-11-11,Zozu + / DER AL581 (eobs2541),0,0.3396954,0.5,0,0.031581897
2020-11-12,Angela / DER AY470 (eobs 4001),0,0.37148118,0.5,0,1.923068
2020-11-12,Europa / DER A1A26 (eobs 4004),0,0.41660884,0.5,0,0.40327168
2020-11-12,Louis / DER AU050 (eobs 3264),0,0.3385056,0.5,0,0.0003905984
2020-11-12,Sierit  / DER AN858 (eobs2561),0,0.3277499,0.5,0,0.009710322
2020-11-12,Zozu + / DER AL581 (eobs2541),0,0.33874625,0.5,0,0.029880933
2020-11-13,Angela / DER AY470 (eobs 4001),0,0.3701747,0.5,0,1.126497
2020-11-13,Europa / DER A1A26 (eobs 4004),0,0.41533738,0.5,0,0.022712208
2020-11-13,Louis / DER AU050 (eobs 3264),0,0.33638242,0.5,0,0.002112018
2020-11-13,Sierit  / DER AN858 (eobs2561),0,0.3258803,0.5,0,0.0046483628
2020-11-13,Zozu + / DER AL581 (eobs2541),0,0.33801287,0.5,0,0.047468867
2020-11-14,Angela / DER AY470 (eobs 4001),0,0.36975604,0.5,0,0.27047464
2020-11-14,Europa / DER A1A26 (eobs 4004),0,0.41411328,0.5,0,0.03835141
2020-11-14,Louis / DER AU050 (eobs 3264),0,0.33482546,0.5,0,0.006202992
2020-11-14,Sierit  / DER AN858 (eobs2561),0,0.3239401,0.5,0,0.0017290312
2020-11-14,Zozu + / DER AL581 (eobs2541),0,0.3368982,0.5,0,0.05309765
2020-11-15,Angela / DER AY470 (eobs 4001),0,0.36831376,0.5,0,0.47474152
2020-11-15,Europa / DER A1A26 (eobs 4004),0,0.41314042,0.5,0,0.09756513
2020-11-15,Louis / DER AU050 (eobs 3264),0,0.3325934,0.5,0,0.0046495907
2020-11-15,Sierit  / DER AN858 (eobs2561),0,0.3218548,0.5,0,0.014371906
2020-11-15,Zozu + / DER AL581 (eobs2541),0,0.33571976,0.5,0,0.10547967
2020-11-16,Angela / DER AY470 (eobs 4001),0,0.3673832,0.5,0,1.1054307
2020-11-16,Europa / DER A1A26 (eobs 4004),0,0.4107933,0.5,0,0.17843743
2020-11-16,Louis / DER AU050 (eobs 3264),0,0.33118016,0.5,0,0.0032009194
2020-11-16,Sierit  / DER AN858 (eobs2561),0,0.32013908,0.5,0,0.0033572332
2020-11-16,Zozu + / DER AL581 (eobs2541),0,0.33473802,0.5,0,0.06981338
2020-11-17,Angela / DER AY470 (eobs 4001),0,0.3658864,0.5,0,0.35924324
2020-11-17,Europa / DER A1A26 (eobs 4004),0,0.40838975,0.5,0,0.009561352
2020-11-17,Louis / DER AU050 (eobs 3264),0,0.32929975,0.5,0,0.0035571698
2020-11-17,Sierit  / DER AN858 (eobs2561),0,0.31791744,0.5,0,0.0010542151
2020-11-17,Zozu + / DER AL581 (eobs2541),0,0.3335334,0.5,0,0.067709096
2020-11-18,Angela / DER AY470 (eobs 4001),0,0.36490142,0.5,0,1.4074926
2020-11-18,Europa / DER A1A26 (eobs 4004),0,0.40652117,0.5,0,0.2601249
2020-11-18,Louis / DER AU050 (eobs 3264),0,0.32720244,0.5,0,0.003313144
2020-11-18,Sierit  / DER AN858 (eobs2561),0,0.3158826,0.5,0,0.0031699443
2020-11-18,Zozu + / DER AL581 (eobs2541),0,0.3326981,0.5,0,0.09175646
2020-11-19,Angela / DER AY470 (eobs 4001),0,0.36406285,0.5,0,4.7640424
2020-11-19,Europa / DER A1A26 (eobs 4004),0,0.40446612,0.5,0,0.16351405
2020-11-19,Louis / DER AU050 (eobs 3264),0,0.32562613,0.5,0,0.16636305
2020-11-19,Sierit  / DER AN858 (eobs2561),0,0.31394657,0.5,0,0.0021181381
2020-11-19,Zozu + / DER AL581 (eobs2541),0,0.331546,0.5,0,0.08734229
2020-11-20,Angela / DER AY470 (eobs 4001),0,0.3629959,0.5,0,0.8665713
2020-11-20,Europa / DER A1A26 (eobs 4004),0,0.402662,0.5,0,0.07902686
2020-11-20,Louis / DER AU050 (eobs 3264),0,0.32340235,0.5,0,0.26293394
2020-11-20,Sierit  / DER AN858 (eobs2561),0,0.3120525,0.5,0,0.016571395
2020-11-20,Zozu + / DER AL581 (eobs2541),0,0.33061087,0.5,0,0.0816502
2020-11-21,Angela / DER AY470 (eobs 4001),0,0.36151722,0.5,0,5.984837
2020-11-21,Europa / DER A1A26 (eobs 4004),0,0.4000651,0.5,0,0.045251336
2020-11-21,Louis / DER AU050 (eobs 3264),0,0.32145205,0.5,0,1.286618
2020-11-21,Sierit  / DER AN858 (eobs2561),0,0.31023917,0.5,0,0.0029725146
2020-11-21,Zozu + / DER AL581 (eobs2541),0,0.3294155,0.5,0,0.0721625
2020-11-22,Angela / DER AY470 (eobs 4001),0,0.36029163,0.5,0,0.38146195
2020-11-22,Europa / DER A1A26 (eobs 4004),0,0.39796957,0.5,0,0.119441256
2020-11-22,Louis / DER AU050 (eobs 3264),0,0.31937584,0.5,0,0.24208634
2020-11-22,Sierit  / DER AN858 (eobs2561),0,0.30871525,0.5,0,0.65293205
2020-11-22,Zozu + / DER AL581 (eobs2541),0,0.32837754,0.5,0,10.18042
2020-11-23,Angela / DER AY470 (eobs 4001),0,0.35962728,0.5,0,1.8658273
2020-11-23,Europa / DER A1A26 (eobs 4004),0,0.3961658,0.5,0,0.32876515
2020-11-23,Sierit  / DER AN858 (eobs2561),0,0.3067228,0.5,0,3.1714313
2020-11-23,Zozu + / DER AL581 (eobs2541),0,0.3283061,0.5,0,10.825839
2020-11-24,Angela / DER AY470 (eobs 4001),0,0.35909915,0.5,0,0.08380547
2020-11-24,Europa / DER A1A26 (eobs 4004),0,0.39404836,0.5,0,0.2588304
2020-11-24,Sierit  / DER AN858 (eobs2561),0,0.30475745,0.5,0,3.1905136
2020-11-24,Zozu + / DER AL581 (eobs2541),0,0.3277547,0.5,0,1.3441377
2020-11-25,Angela / DER AY470 (eobs 4001),0,0.35786128,0.5,0,0.24093273
2020-11-25,Sierit  / DER AN858 (eobs2561),0,0.3025254,0.5,0,0.024059543
2020-11-25,Zozu + / DER AL581 (eobs2541),0,0.3277459,0.5,0,0.017092317
2020-11-26,Angela / DER AY470 (eobs 4001),0,0.35691282,0.5,0,2.816601
2020-11-26,Sierit  / DER AN858 (eobs2561),0,0.30062446,0.5,0,1.9463277
2020-11-26,Zozu + / DER AL581 (eobs2541),0,0.32676953,0.5,0,0.0868033
2020-11-27,Angela / DER AY470 (eobs 4001),0,0.35538226,0.5,0,0.5713479
2020-11-27,Sierit  / DER AN858 (eobs2561),0,0.2984203,0.5,0,1.0255084
2020-11-27,Zozu + / DER AL581 (eobs2541),0,0.32606903,0.5,0,0.083400905
2020-11-28,Angela / DER AY470 (eobs 4001),0,0.3547714,0.5,0,1.9907464
2020-11-28,Sierit  / DER AN858 (eobs2561),0,0.29596615,0.5,0,0.7383311
2020-11-28,Zozu + / DER AL581 (eobs2541),0,0.32527813,0.5,0,4.008042
2020-11-29,Angela / DER AY470 (eobs 4001),0,0.3536873,0.5,0,2.9378452
2020-11-29,Sierit  / DER AN858 (eobs2561),0,0.29438138,0.5,0,0.7148723
2020-11-29,Zozu + / DER AL581 (eobs2541),0,0.3245417,0.5,0,3.947697
2020-11-30,Angela / DER AY470 (eobs 4001),0,0.35310912,0.5,0,2.862843
2020-11-30,Sierit  / DER AN858 (eobs2561),0,0.2923598,0.5,0,3.3830783
2020-11-30,Zozu + / DER AL581 (eobs2541),0,0.32352605,0.5,0,3.9519439
2020-12-01,Angela / DER AY470 (eobs 4001),0,0.35155007,0.5,0,0.11004079
2020-12-01,Sierit  / DER AN858 (eobs2561),0,0.29036647,0.5,0,9.460868
2020-12-02,Angela / DER AY470 (eobs 4001),0,0.3505994,0.5,0,0.2690657
2020-12-02,Sierit  / DER AN858 (eobs2561),0,0.28841004,0.5,0,5.424648
2020-12-03,Angela / DER AY470 (eobs 4001),0,0.34946817,0.5,0,1.6151098
2020-12-03,Sierit  / DER AN858 (eobs2561),0,0.28641888,0.5,0,0.78166115
2020-12-04,Angela / DER AY470 (eobs 4001),0,0.34826028,0.5,0,0.7461503
2020-12-04,Sierit  / DER AN858 (eobs2561),0,0.2846335,0.5,0,6.184768
2020-12-05,Angela / DER AY470 (eobs 4001),0,0.34775895,0.5,0,0.64936495
2020-12-05,Sierit  / DER AN858 (eobs2561),0,0.28236368,0.5,0,5.4504337
2020-12-06,Angela / DER AY470 (eobs 4001),0,0.34724376,0.5,0,0.45022747
2020-12-06,Sierit  / DER AN858 (eobs2561),0,0.28016374,0.5,0,0.8867328
2020-12-07,Sierit  / DER AN858 (eobs2561),0,0.27826318,0.5,0,1.2026719
2020-12-08,Sierit  / DER AN858 (eobs2561),0,0.2762935,0.5,0,0.8320037
2020-12-09,Sierit  / DER AN858 (eobs2561),0,0.2742297,0.5,0,0.90709406
2020-12-10,Sierit  / DER AN858 (eobs2561),0,0.2719766,0.5,0,0.09341074
2020-12-11,Sierit  / DER AN858 (eobs2561),0,0.27034673,0.5,0,0.8139787
2020-12-12,Sierit  / DER AN858 (eobs2561),0,0.26859686,0.5,0,0.6837454
2020-12-13,Sierit  / DER AN858 (eobs2561),0,0.2667143,0.5,0,0.6430506
2020-12-14,Sierit  / DER AN858 (eobs2561),0,0.2647491,0.5,0,0.6445563
2020-12-15,Sierit  / DER AN858 (eobs2561),0,0.2627536,0.5,0,0.04701683
2020-12-16,Sierit  / DER AN858 (eobs2561),0,0.26094624,0.5,0,0.0042403587
2020-12-17,Sierit  / DER AN858 (eobs2561),0,0.25891012,0.5,0,0.0040776166
2020-12-18,Sierit  / DER AN858 (eobs2561),0,0.25729123,0.5,0,0.0030931018
2020-12-19,Sierit  / DER AN858 (eobs2561),0,0.2555656,0.5,0,0.0027112528
2020-12-20,Sierit  / DER AN858 (eobs2561),0,0.25375214,0.5,0,0.013464614
2020-12-21,Sierit  / DER AN858 (eobs2561),0,0.2522472,0.5,0,0.036266435
2020-12-22,Sierit  / DER AN858 (eobs2561),0,0.2505122,0.5,0,0.005992612
2020-12-23,Sierit  / DER AN858 (eobs2561),0,0.24909246,0.5,0,0.0012800245
2020-12-24,Sierit  / DER AN858 (eobs2561),0,0.24743551,0.5,0,0.73814464
2020-12-25,Sierit  / DER AN858 (eobs2561),0,0.24546634,0.5,0,3.080756
2020-12-26,Sierit  / DER AN858 (eobs2561),0,0.2438778,0.5,0,0.982511
2020-12-27,Sierit  / DER AN858 (eobs2561),0,0.24212317,0.5,0,5.132266
2020-12-28,Sierit  / DER AN858 (eobs2561),0,0.24057914,0.5,0,1.9756399
2020-12-29,Sierit  / DER AN858 (eobs2561),0,0.2392995,0.5,0,1.6931452
2020-12-30,Sierit  / DER AN858 (eobs2561),0,0.2380266,0.5,0,0.76684695
2020-12-31,Sierit  / DER AN858 (eobs2561),0,0.23665947,0.5,0,0.77856535
2021-10-21,Angela / DER AY470 (eobs 4001),0,0.3996243,0.5,0,0.71103823
2021-10-21,"Ed + (AAL16, e-obs 7210)",0,0.3721014,0.5,0,0.6031861
2021-10-21,Europa / DER A1A26 (eobs 4004),0,0.416205,0.5,0,1.0083095
2021-10-21,Louis / DER AU050 (eobs 3264),0,0.3298256,0.5,0,0.4731458
2021-10-21,Sierit  / DER AN858 (eobs2561),0,0.34320575,0.5,0,0.03063213
2021-10-22,Angela / DER AY470 (eobs 4001),0,0.40068176,0.5,0,0.44210705
2021-10-22,"Ed + (AAL16, e-obs 7210)",0,0.37321004,0.5,0,0.7865546
2021-10-22,Europa / DER A1A26 (eobs 4004),0,0.4169037,0.5,0,0.4270481
2021-10-22,Louis / DER AU050 (eobs 3264),0,0.33013907,0.5,0,0.8638801
2021-10-22,Sierit  / DER AN858 (eobs2561),0,0.3432925,0.5,0,0.017561892
2021-10-23,Angela / DER AY470 (eobs 4001),0,0.40038452,0.5,0,3.817691
2021-10-23,"Ed + (AAL16, e-obs 7210)",0,0.37479812,0.5,0,0.120146975
2021-10-23,Europa / DER A1A26 (eobs 4004),0,0.41886383,0.5,0,8.20505
2021-10-23,Louis / DER AU050 (eobs 3264),0,0.33110848,0.5,0,0.97956157
2021-10-23,Sierit  / DER AN858 (eobs2561),0,0.34499303,0.5,0,0.02387426
2021-10-24,Angela / DER AY470 (eobs 4001),0,0.39899606,0.5,0,4.9925327
2021-10-24,"Ed + (AAL16, e-obs 7210)",0,0.37617284,0.5,0,0.2911016
2021-10-24,Europa / DER A1A26 (eobs 4004),0,0.42171174,0.5,0,3.1387563
2021-10-24,Louis / DER AU050 (eobs 3264),0,0.33244535,0.5,0,0.077992156
2021-10-24,Sierit  / DER AN858 (eobs2561),0,0.3466964,0.5,0,5.1996746
2021-10-25,Angela / DER AY470 (eobs 4001),0,0.39804542,0.5,0,0.9192408
2021-10-25,"Ed + (AAL16, e-obs 7210)",0,0.37774032,0.5,0,0.19943133
2021-10-25,Europa / DER A1A26 (eobs 4004),0,0.4232511,0.5,0,0.07311086
2021-10-25,Louis / DER AU050 (eobs 3264),0,0.33409324,0.5,0,0.017163489
2021-10-25,Sierit  / DER AN858 (eobs2561),0,0.34797516,0.5,0,5.1961393
2021-10-26,Angela / DER AY470 (eobs 4001),0,0.39519283,0.5,0,0.6942906
2021-10-26,"Ed + (AAL16, e-obs 7210)",0,0.3791861,0.5,0,0.5451769
2021-10-26,Europa / DER A1A26 (eobs 4004),0,0.42469418,0.5,0,0.3662775
2021-10-26,Louis / DER AU050 (eobs 3264),0,0.33526722,0.5,0,0.029816588
2021-10-26,Sierit  / DER AN858 (eobs2561),0,0.3492562,0.5,0,2.78998
2021-10-27,Angela / DER AY470 (eobs 4001),0,0.3945106,0.5,0,0.40535623
2021-10-27,"Ed + (AAL16, e-obs 7210)",0,0.38040707,0.5,0,0.5624515
2021-10-27,Europa / DER A1A26 (eobs 4004),0,0.42465642,0.5,0,0.40497297
2021-10-27,Louis / DER AU050 (eobs 3264),0,0.33647388,0.5,0,0.48242635
2021-10-27,Sierit  / DER AN858 (eobs2561),0,0.3503191,0.5,0,2.79294
2021-10-28,Angela / DER AY470 (eobs 4001),0,0.39319405,0.5,0,0.41300395
2021-10-28,"Ed + (AAL16, e-obs 7210)",0,0.3820835,0.5,0,3.945123
2021-10-28,Europa / DER A1A26 (eobs 4004),0,0.42213264,0.5,0,0.19457458
2021-10-28,Louis / DER AU050 (eobs 3264),0,0.33804214,0.5,0,0.71137893
2021-10-28,Sierit  / DER AN858 (eobs2561),0,0.35161993,0.5,0,0.0060279127
2021-10-29,Angela / DER AY470 (eobs 4001),0,0.39202926,0.5,0,0.3642674
2021-10-29,"Ed + (AAL16, e-obs 7210)",0,0.3837628,0.5,0,4.9620266
2021-10-29,Europa / DER A1A26 (eobs 4004),0,0.42083308,0.5,0,6.6626015
2021-10-29,Louis / DER AU050 (eobs 3264),0,0.33922538,0.5,0,0.44881675
2021-10-29,Sierit  / DER AN858 (eobs2561),0,0.35234165,0.5,0,5.5130076
2021-10-30,Angela / DER AY470 (eobs 4001),0,0.39096692,0.5,0,0.5976834
2021-10-30,"Ed + (AAL16, e-obs 7210)",0,0.38541314,0.5,0,0.57112414
2021-10-30,Europa / DER A1A26 (eobs 4004),0,0.41922733,0.5,0,9.875549
2021-10-30,Louis / DER AU050 (eobs 3264),0,0.3409273,0.5,0,0.48978877
2021-10-30,Sierit  / DER AN858 (eobs2561),0,0.3533597,0.5,0,0.7439245
2021-10-31,Angela / DER AY470 (eobs 4001),0,0.38973117,0.5,0,0.5132306
2021-10-31,"Ed + (AAL16, e-obs 7210)",0,0.38700894,0.5,0,0.6841221
2021-10-31,Europa / DER A1A26 (eobs 4004),0,0.41825843,0.5,0,5.9384594
2021-10-31,Louis / DER AU050 (eobs 3264),0,0.3421037,0.5,0,0.6761791
2021-10-31,Sierit  / DER AN858 (eobs2561),0,0.35452497,0.5,0,0.025916224
2021-11-01,Angela / DER AY470 (eobs 4001),0,0.388343,0.5,0,0.14018613
2021-11-01,"Ed + (AAL16, e-obs 7210)",0,0.38708282,0.5,0,7.9106402
2021-11-01,Europa / DER A1A26 (eobs 4004),0,0.4169753,0.5,0,0.0064747115
2021-11-01,Louis / DER AU050 (eobs 3264),0,0.3436765,0.5,0,0.60867715
2021-11-01,Sierit  / DER AN858 (eobs2561),0,0.35317254,0.5,0,6.0521283
2021-11-02,Angela / DER AY470 (eobs 4001),0,0.38689873,0.5,0,0.33487198
2021-11-02,"Ed + (AAL16, e-obs 7210)",0,0.38658592,0.5,0,0.12514307
2021-11-02,Europa / DER A1A26 (eobs 4004),0,0.41563427,0.5,0,0.040410653
2021-11-02,Louis / DER AU050 (eobs 3264),0,0.344856,0.5,0,0.05763212
2021-11-02,Sierit  / DER AN858 (eobs2561),0,0.35164016,0.5,0,0.13860232
2021-11-03,Angela / DER AY470 (eobs 4001),0,0.38549682,0.5,0,1.7033008
2021-11-03,"Ed + (AAL16, e-obs 7210)",0,0.3852435,0.5,0,0.19002093
2021-11-03,Europa / DER A1A26 (eobs 4004),0,0.41355306,0.5,0,0.034721166
2021-11-03,Louis / DER AU050 (eobs 3264),0,0.34649327,0.5,0,0.26560953
2021-11-03,Sierit  / DER AN858 (eobs2561),0,0.34967855,0.5,0,0.20390041
2021-11-04,Angela / DER AY470 (eobs 4001),0,0.3835142,0.5,0,9.449544
2021-11-04,"Ed + (AAL16, e-obs 7210)",0,0.38529676,0.5,0,5.3814263
2021-11-04,Europa / DER A1A26 (eobs 4004),0,0.41279513,0.5,0,3.0824177
2021-11-04,Louis / DER AU050 (eobs 3264),0,0.34805664,0.5,0,0.11704492
2021-11-04,Sierit  / DER AN858 (eobs2561),0,0.34826013,0.5,0,0.19700293
2021-11-05,Angela / DER AY470 (eobs 4001),0,0.38221824,0.5,0,16.077393
2021-11-05,"Ed + (AAL16, e-obs 7210)",0,0.38578448,0.5,0,1.9892833
2021-11-05,Europa / DER A1A26 (eobs 4004),0,0.41202444,0.5,0,0.06956194
2021-11-05,Louis / DER AU050 (eobs 3264),0,0.34933662,0.5,0,0.55171835
2021-11-05,Sierit  / DER AN858 (eobs2561),0,0.34676033,0.5,0,0.037201963
2021-11-06,Angela / DER AY470 (eobs 4001),0,0.38133925,0.5,0,0.2387016
2021-11-06,"Ed + (AAL16, e-obs 7210)",0,0.38496688,0.5,0,6.079938
2021-11-06,Europa / DER A1A26 (eobs 4004),0,0.41076356,0.5,0,0.08565905
2021-11-06,Louis / DER AU050 (eobs 3264),0,0.35044947,0.5,0,0.775325
2021-11-06,Sierit  / DER AN858 (eobs2561),0,0.34511366,0.5,0,0.20685558
2021-11-07,Angela / DER AY470 (eobs 4001),0,0.38047868,0.5,0,0.10582324
2021-11-07,"Ed + (AAL16, e-obs 7210)",0,0.3835732,0.5,0,7.6920037
2021-11-07,Europa / DER A1A26 (eobs 4004),0,0.40904668,0.5,0,7.0159526
2021-11-07,Louis / DER AU050 (eobs 3264),0,0.34853852,0.5,0,0.6724081
2021-11-07,Sierit  / DER AN858 (eobs2561),0,0.34300882,0.5,0,5.8846273
2021-11-08,Angela / DER AY470 (eobs 4001),0,0.38004595,0.5,0,0.064944744
2021-11-08,"Ed + (AAL16, e-obs 7210)",0,0.38268334,0.5,0,7.339819
2021-11-08,Europa / DER A1A26 (eobs 4004),0,0.4075822,0.5,0,1.3833815
2021-11-08,Louis / DER AU050 (eobs 3264),0,0.3468064,0.5,0,1.2862917
2021-11-08,Sierit  / DER AN858 (eobs2561),0,0.3414114,0.5,0,0.5659935
2021-11-09,Angela / DER AY470 (eobs 4001),0,0.37886974,0.5,0,0.081328504
2021-11-09,"Ed + (AAL16, e-obs 7210)",0,0.38181207,0.5,0,1.6720436
2021-11-09,Europa / DER A1A26 (eobs 4004),0,0.40617543,0.5,0,5.800771
2021-11-09,Louis / DER AU050 (eobs 3264),0,0.34419146,0.5,0,0.013858133
2021-11-09,Sierit  / DER AN858 (eobs2561),0,0.33909535,0.5,0,5.524
2021-11-10,Angela / DER AY470 (eobs 4001),0,0.3776345,0.5,0,0.10999312
2021-11-10,"Ed + (AAL16, e-obs 7210)",0,0.38082287,0.5,0,8.237499
2021-11-10,Europa / DER A1A26 (eobs 4004),0,0.40559882,0.5,0,2.575967
2021-11-10,Louis / DER AU050 (eobs 3264),0,0.34273323,0.5,0,1.2967801
2021-11-10,Sierit  / DER AN858 (eobs2561),0,0.3373203,0.5,0,4.9820533
2021-11-11,Angela / DER AY470 (eobs 4001),0,0.37660837,0.5,0,0.14194717
2021-11-11,"Ed + (AAL16, e-obs 7210)",0,0.38041034,0.5,0,0.16150384
2021-11-11,Europa / DER A1A26 (eobs 4004),0,0.40500772,0.5,0,3.3066163
2021-11-11,Louis / DER AU050 (eobs 3264),0,0.34089258,0.5,0,1.0354911
2021-11-11,Sierit  / DER AN858 (eobs2561),0,0.33529863,0.5,0,2.5771794
2021-11-12,Angela / DER AY470 (eobs 4001),0,0.3757275,0.5,0,0.061494198
2021-11-12,"Ed + (AAL16, e-obs 7210)",0,0.37824544,0.5,0,0.54006726
2021-11-12,Europa / DER A1A26 (eobs 4004),0,0.4039324,0.5,0,3.3041394
2021-11-12,Louis / DER AU050 (eobs 3264),0,0.33870244,0.5,0,0.2685425
2021-11-12,Sierit  / DER AN858 (eobs2561),0,0.33314645,0.5,0,0.0070431144
2021-11-13,Angela / DER AY470 (eobs 4001),0,0.37432677,0.5,0,0.062181063
2021-11-13,"Ed + (AAL16, e-obs 7210)",0,0.3770047,0.5,0,0.68302286
2021-11-13,Europa / DER A1A26 (eobs 4004),0,0.4031397,0.5,0,13.664598
2021-11-13,Louis / DER AU050 (eobs 3264),0,0.3368733,0.5,0,0.14772956
2021-11-13,Sierit  / DER AN858 (eobs2561),0,0.33181956,0.5,0,0.017877828
2021-11-14,Angela / DER AY470 (eobs 4001),0,0.3733949,0.5,0,0.0036064533
2021-11-14,"Ed + (AAL16, e-obs 7210)",0,0.37668875,0.5,0,0.022318022
2021-11-14,Europa / DER A1A26 (eobs 4004),0,0.4026992,0.5,0,1.3398452
2021-11-14,Louis / DER AU050 (eobs 3264),0,0.33470932,0.5,0,0.6401198
2021-11-14,Sierit  / DER AN858 (eobs2561),0,0.32988805,0.5,0,0.004625628
2021-11-15,Angela / DER AY470 (eobs 4001),0,0.37188256,0.5,0,0.07312759
2021-11-15,"Ed + (AAL16, e-obs 7210)",0,0.37577525,0.5,0,0.0038858312
2021-11-15,Europa / DER A1A26 (eobs 4004),0,0.4022686,0.5,0,7.1507955
2021-11-15,Louis / DER AU050 (eobs 3264),0,0.33319545,0.5,0,0.6527994
2021-11-15,Sierit  / DER AN858 (eobs2561),0,0.3282045,0.5,0,0.00520977
2021-11-16,Angela / DER AY470 (eobs 4001),0,0.37130445,0.5,0,8.391803
2021-11-16,"Ed + (AAL16, e-obs 7210)",0,0.37521634,0.5,0,1.4938662
2021-11-16,Europa / DER A1A26 (eobs 4004),0,0.40201858,0.5,0,0.11092278
2021-11-16,Louis / DER AU050 (eobs 3264),0,0.3313154,0.5,0,0.6138074
2021-11-16,Sierit  / DER AN858 (eobs2561),0,0.32639864,0.5,0,5.793946
2021-11-17,Angela / DER AY470 (eobs 4001),0,0.37072256,0.5,0,8.645005
2021-11-17,"Ed + (AAL16, e-obs 7210)",0,0.37461612,0.5,0,1.4654425
2021-11-17,Europa / DER A1A26 (eobs 4004),0,0.40129358,0.5,0,0.08312205
2021-11-17,Louis / DER AU050 (eobs 3264),0,0.32952246,0.5,0,0.029957065
2021-11-17,Sierit  / DER AN858 (eobs2561),0,0.3243386,0.5,0,0.03464317
2021-11-18,Angela / DER AY470 (eobs 4001),0,0.3696604,0.5,0,0.3609992
2021-11-18,"Ed + (AAL16, e-obs 7210)",0,0.37400237,0.5,0,0.10513765
2021-11-18,Europa / DER A1A26 (eobs 4004),0,0.4002785,0.5,0,5.860239
2021-11-18,Louis / DER AU050 (eobs 3264),0,0.32735276,0.5,0,0.10165449
2021-11-18,Sierit  / DER AN858 (eobs2561),0,0.32243684,0.5,0,0.01639874
2021-11-19,Angela / DER AY470 (eobs 4001),0,0.3687275,0.5,0,0.15415424
2021-11-19,"Ed + (AAL16, e-obs 7210)",0,0.37335303,0.5,0,0.2136962
2021-11-19,Europa / DER A1A26 (eobs 4004),0,0.39935735,0.5,0,1.6258845
2021-11-19,Louis / DER AU050 (eobs 3264),0,0.3254245,0.5,0,0.20216304
2021-11-19,Sierit  / DER AN858 (eobs2561),0,0.32040066,0.5,0,0.015242211
2021-11-20,Angela / DER AY470 (eobs 4001),0,0.36738038,0.5,0,0.07168364
2021-11-20,"Ed + (AAL16, e-obs 7210)",0,0.37245664,0.5,0,0.05755063
2021-11-20,Europa / DER A1A26 (eobs 4004),0,0.3981167,0.5,0,0.13263825
2021-11-20,Louis / DER AU050 (eobs 3264),0,0.32373932,0.5,0,0.8338525
2021-11-20,Sierit  / DER AN858 (eobs2561),0,0.3181836,0.5,0,5.833233
2021-11-21,Angela / DER AY470 (eobs 4001),0,0.36629206,0.5,0,0.07181766
2021-11-21,"Ed + (AAL16, e-obs 7210)",0,0.3720012,0.5,0,0.1383601
2021-11-21,Europa / DER A1A26 (eobs 4004),0,0.3967775,0.5,0,7.0392184
2021-11-21,Louis / DER AU050 (eobs 3264),0,0.32166746,0.5,0,0.6992246
2021-11-21,Sierit  / DER AN858 (eobs2561),0,0.3165494,0.5,0,0.017966196
2021-11-22,Angela / DER AY470 (eobs 4001),0,0.36509842,0.5,0,0.021005401
2021-11-22,"Ed + (AAL16, e-obs 7210)",0,0.37106377,0.5,0,7.5501733
2021-11-22,Europa / DER A1A26 (eobs 4004),0,0.39588714,0.5,0,4.805337
2021-11-22,Louis / DER AU050 (eobs 3264),0,0.31958404,0.5,0,0.6920851
2021-11-22,Sierit  / DER AN858 (eobs2561),0,0.3143802,0.5,0,0.010373164
2021-11-23,Angela / DER AY470 (eobs 4001),0,0.36455873,0.5,0,0.19751658
2021-11-23,"Ed + (AAL16, e-obs 7210)",0,0.37012947,0.5,0,7.192826
2021-11-23,Europa / DER A1A26 (eobs 4004),0,0.3948496,0.5,0,14.757829
2021-11-23,Louis / DER AU050 (eobs 3264),0,0.31790027,0.5,0,0.88182724
2021-11-23,Sierit  / DER AN858 (eobs2561),0,0.31231394,0.5,0,5.7385035
2021-11-24,Angela / DER AY470 (eobs 4001),0,0.36329865,0.5,0,8.664485
2021-11-24,"Ed + (AAL16, e-obs 7210)",0,0.36985406,0.5,0,0.58198935
2021-11-24,Europa / DER A1A26 (eobs 4004),0,0.39424974,0.5,0,0.0076360875
2021-11-24,Louis / DER AU050 (eobs 3264),0,0.31591356,0.5,0,0.011002328
2021-11-24,Sierit  / DER AN858 (eobs2561),0,0.3103157,0.5,0,4.6212835
2021-11-25,Angela / DER AY470 (eobs 4001),0,0.3623456,0.5,0,8.873549
2021-11-25,"Ed + (AAL16, e-obs 7210)",0,0.36917707,0.5,0,0.100206554
2021-11-25,Europa / DER A1A26 (eobs 4004),0,0.39296305,0.5,0,1.2534872
2021-11-25,Louis / DER AU050 (eobs 3264),0,0.31406027,0.5,0,0.8317942
2021-11-25,Sierit  / DER AN858 (eobs2561),0,0.3085426,0.5,0,1.9052883
2021-11-26,Angela / DER AY470 (eobs 4001),0,0.36119288,0.5,0,0.3189622
2021-11-26,"Ed + (AAL16, e-obs 7210)",0,0.36851394,0.5,0,0.52317804
2021-11-26,Europa / DER A1A26 (eobs 4004),0,0.391836,0.5,0,12.873242
2021-11-26,Louis / DER AU050 (eobs 3264),0,0.31208724,0.5,0,0.8212494
2021-11-26,Sierit  / DER AN858 (eobs2561),0,0.30627942,0.5,0,0.5495118
2021-11-27,Angela / DER AY470 (eobs 4001),0,0.36018994,0.5,0,8.497157
2021-11-27,"Ed + (AAL16, e-obs 7210)",0,0.36818004,0.5,0,0.2066007
2021-11-27,Europa / DER A1A26 (eobs 4004),0,0.3908955,0.5,0,11.890416
2021-11-27,Louis / DER AU050 (eobs 3264),0,0.31037682,0.5,0,1.5533768
2021-11-27,Sierit  / DER AN858 (eobs2561),0,0.3041093,0.5,0,2.0426009
2021-11-28,Angela / DER AY470 (eobs 4001),0,0.3591449,0.5,0,0.581272
2021-11-28,"Ed + (AAL16, e-obs 7210)",0,0.36757794,0.5,0,18.79178
2021-11-28,Europa / DER A1A26 (eobs 4004),0,0.3907829,0.5,0,14.052992
2021-11-28,Louis / DER AU050 (eobs 3264),0,0.30829796,0.5,0,4.1077957
2021-11-28,Sierit  / DER AN858 (eobs2561),0,0.30194882,0.5,0,2.2109916
2021-11-29,Angela / DER AY470 (eobs 4001),0,0.35813054,0.5,0,8.941199
2021-11-29,"Ed + (AAL16, e-obs 7210)",0,0.36747488,0.5,0,29.809536
2021-11-29,Europa / DER A1A26 (eobs 4004),0,0.3896201,0.5,0,4.110545
2021-11-29,Louis / DER AU050 (eobs 3264),0,0.30674317,0.5,0,4.083671
2021-11-29,Sierit  / DER AN858 (eobs2561),0,0.30031222,0.5,0,7.8996015
2021-11-30,Angela / DER AY470 (eobs 4001),0,0.35687506,0.5,0,0.88680494
2021-11-30,"Ed + (AAL16, e-obs 7210)",0,0.36702204,0.5,0,0.014836833
2021-11-30,Europa / DER A1A26 (eobs 4004),0,0.3890003,0.5,0,8.688307
2021-11-30,Louis / DER AU050 (eobs 3264),0,0.30482563,0.5,0,0.026846636
2021-11-30,Sierit  / DER AN858 (eobs2561),0,0.29848814,0.5,0,5.750991
2021-12-01,Angela / DER AY470 (eobs 4001),0,0.35564503,0.5,0,9.194316
2021-12-01,"Ed + (AAL16, e-obs 7210)",0,0.36630356,0.5,0,0.12680684
2021-12-01,Europa / DER A1A26 (eobs 4004),0,0.38881704,0.5,0,1.7902683
2021-12-01,Sierit  / DER AN858 (eobs2561),0,0.29674414,0.5,0,2.758528
2021-12-02,Angela / DER AY470 (eobs 4001),0,0.35509822,0.5,0,9.255676
2021-12-02,"Ed + (AAL16, e-obs 7210)",0,0.36523786,0.5,0,0.05885221
2021-12-02,Europa / DER A1A26 (eobs 4004),0,0.38799137,0.5,0,8.415055
2021-12-02,Sierit  / DER AN858 (eobs2561),0,0.2947873,0.5,0,3.1848936
2021-12-03,Angela / DER AY470 (eobs 4001),0,0.3538623,0.5,0,9.307911
2021-12-03,"Ed + (AAL16, e-obs 7210)",0,0.3648909,0.5,0,0.027199188
2021-12-03,Europa / DER A1A26 (eobs 4004),0,0.38740015,0.5,0,6.938135
2021-12-03,Sierit  / DER AN858 (eobs2561),0,0.29249927,0.5,0,6.231385
2021-12-04,"Ed + (AAL16, e-obs 7210)",0,0.36411235,0.5,0,0.07309327
2021-12-04,Europa / DER A1A26 (eobs 4004),0,0.38614857,0.5,0,2.1676369
2021-12-04,Sierit  / DER AN858 (eobs2561),0,0.29052892,0.5,0,1.5410664
2021-12-05,"Ed + (AAL16, e-obs 7210)",1,0.36291078,0.5,0,38.41535
2021-12-05,Europa / DER A1A26 (eobs 4004),0,0.38557166,0.5,0,9.897474
2021-12-05,Sierit  / DER AN858 (eobs2561),0,0.28894854,0.5,0,0.01639421
2021-12-06,"Ed + (AAL16, e-obs 7210)",0,0.36328253,0.5,0,6.974833
2021-12-06,Europa / DER A1A26 (eobs 4004),0,0.38482204,0.5,0,4.412618
2021-12-06,Sierit  / DER AN858 (eobs2561),0,0.2870715,0.5,0,0.05964574
2021-12-07,"Ed + (AAL16, e-obs 7210)",0,0.36268738,0.5,0,0.8022453
2021-12-07,Europa / DER A1A26 (eobs 4004),0,0.38384724,0.5,0,0.046932478
2021-12-07,Sierit  / DER AN858 (eobs2561),0,0.28499544,0.5,0,1.7215265
2021-12-08,"Ed + (AAL16, e-obs 7210)",0,0.36197174,0.5,0,0.031112377
2021-12-08,Europa / DER A1A26 (eobs 4004),0,0.38343227,0.5,0,0.06381012
2021-12-08,Sierit  / DER AN858 (eobs2561),0,0.28276157,0.5,0,0.6149232
2021-12-09,"Ed + (AAL16, e-obs 7210)",0,0.3618209,0.5,0,0.0068724533
2021-12-09,Europa / DER A1A26 (eobs 4004),0,0.3823749,0.5,0,6.022703
2021-12-09,Sierit  / DER AN858 (eobs2561),0,0.2812766,0.5,0,2.3552437
2021-12-10,"Ed + (AAL16, e-obs 7210)",0,0.36116832,0.5,0,8.361338
2021-12-10,Europa / DER A1A26 (eobs 4004),0,0.38179648,0.5,0,9.788819
2021-12-10,Sierit  / DER AN858 (eobs2561),0,0.27894473,0.5,0,0.46378702
2021-12-11,"Ed + (AAL16, e-obs 7210)",0,0.36120158,0.5,0,0.1025608
2021-12-11,Europa / DER A1A26 (eobs 4004),0,0.38135043,0.5,0,4.3508286
2021-12-11,Sierit  / DER AN858 (eobs2561),0,0.27708927,0.5,0,2.8140428
2021-12-12,"Ed + (AAL16, e-obs 7210)",0,0.36075738,0.5,0,0.37814945
2021-12-12,Europa / DER A1A26 (eobs 4004),0,0.3807245,0.5,0,8.627375
2021-12-12,Sierit  / DER AN858 (eobs2561),0,0.27505156,0.5,0,2.036191
2021-12-13,"Ed + (AAL16, e-obs 7210)",0,0.3600356,0.5,0,0.43262073
2021-12-13,Europa / DER A1A26 (eobs 4004),0,0.37942895,0.5,0,4.1316643
2021-12-13,Sierit  / DER AN858 (eobs2561),0,0.27286112,0.5,0,1.7379061
2021-12-14,"Ed + (AAL16, e-obs 7210)",0,0.3595897,0.5,0,14.776154
2021-12-14,Europa / DER A1A26 (eobs 4004),0,0.3786808,0.5,0,14.31454
2021-12-14,Sierit  / DER AN858 (eobs2561),0,0.27095243,0.5,0,0.3296512
2021-12-15,"Ed + (AAL16, e-obs 7210)",1,0.35944095,0.5,0,33.100163
2021-12-15,Europa / DER A1A26 (eobs 4004),0,0.37899044,0.5,0,14.070197
2021-12-15,Sierit  / DER AN858 (eobs2561),0,0.26927122,0.5,0,0.023441292
2021-12-16,"Ed + (AAL16, e-obs 7210)",0,0.3594359,0.5,0,0.03861766
2021-12-16,Europa / DER A1A26 (eobs 4004),0,0.3782135,0.5,0,1.1569728
2021-12-16,Sierit  / DER AN858 (eobs2561),0,0.2672826,0.5,0,0.020130347
2021-12-17,"Ed + (AAL16, e-obs 7210)",0,0.35878506,0.5,0,0.12663935
2021-12-17,Europa / DER A1A26 (eobs 4004),0,0.37834367,0.5,0,1.3109632
2021-12-17,Sierit  / DER AN858 (eobs2561),0,0.26548022,0.5,0,7.795513
2021-12-18,"Ed + (AAL16, e-obs 7210)",0,0.35841334,0.5,0,0.04160899
2021-12-18,Europa / DER A1A26 (eobs 4004),0,0.37783474,0.5,0,0.70604455
2021-12-18,Sierit  / DER AN858 (eobs2561),0,0.26359287,0.5,0,0.016947057
2021-12-19,"Ed + (AAL16, e-obs 7210)",0,0.3577635,0.5,0,0.028630054
2021-12-19,Europa / DER A1A26 (eobs 4004),0,0.37811872,0.5,0,0.7241387
2021-12-20,"Ed + (AAL16, e-obs 7210)",0,0.35757563,0.5,0,0.018660162
2021-12-20,Europa / DER A1A26 (eobs 4004),0,0.37730712,0.5,0,1.6719937
2021-12-21,"Ed + (AAL16, e-obs 7210)",0,0.35758546,0.5,0,0.03458866
2021-12-21,Europa / DER A1A26 (eobs 4004),0,0.37752327,0.5,0,4.0282354
2021-12-22,"Ed + (AAL16, e-obs 7210)",0,0.3577641,0.5,0,0.024191558
2021-12-22,Europa / DER A1A26 (eobs 4004),0,0.37721452,0.5,0,5.0934963
2021-12-23,"Ed + (AAL16, e-obs 7210)",0,0.3575863,0.5,0,0.048608717
2021-12-23,Europa / DER A1A26 (eobs 4004),0,0.3773665,0.5,0,1.4405906
2021-12-24,Europa / DER A1A26 (eobs 4004),0,0.37708855,0.5,0,6.1918306
2021-12-25,Europa / DER A1A26 (eobs 4004),0,0.37663826,0.5,0,7.0769367
2021-12-26,Europa / DER A1A26 (eobs 4004),0,0.3762283,0.5,0,3.0275865
2021-12-27,Europa / DER A1A26 (eobs 4004),0,0.37670207,0.5,0,2.8940406
2021-12-28,Europa / DER A1A26 (eobs 4004),0,0.37688363,0.5,0,1.6576929
2021-12-29,Europa / DER A1A26 (eobs 4004),0,0.37691298,0.5,0,0.5952469
2021-12-30,Europa / DER A1A26 (eobs 4004),0,0.37681824,0.5,0,0.61469203
2021-12-31,Europa / DER A1A26 (eobs 4004),0,0.37619606,0.5,0,2.7749054
2022-10-21,Angela / DER AY470 (eobs 4001),0,0.39233115,0.5,0,0.5120532
2022-10-21,Europa / DER A1A26 (eobs 4004),0,0.4013062,0.5,0,6.0617127
2022-10-21,Louis / DER AU050 (eobs 3264),0,0.36136758,0.5,0,0.8235549
2022-10-22,Angela / DER AY470 (eobs 4001),0,0.3912357,0.5,0,0.49192706
2022-10-22,Europa / DER A1A26 (eobs 4004),0,0.4022115,0.5,0,6.100814
2022-10-22,Louis / DER AU050 (eobs 3264),0,0.36022797,0.5,0,0.31277677
2022-10-23,Angela / DER AY470 (eobs 4001),0,0.38980317,0.5,0,0.09591215
2022-10-23,Europa / DER A1A26 (eobs 4004),0,0.40464887,0.5,0,5.0555053
2022-10-23,Louis / DER AU050 (eobs 3264),0,0.35947502,0.5,0,0.88167214
2022-10-24,Angela / DER AY470 (eobs 4001),0,0.3889546,0.5,0,0.84664863
2022-10-24,Europa / DER A1A26 (eobs 4004),0,0.40718132,0.5,0,0.84667885
2022-10-24,Louis / DER AU050 (eobs 3264),0,0.35872787,0.5,0,2.7053688
2022-10-25,Angela / DER AY470 (eobs 4001),0,0.38778326,0.5,0,4.091114
2022-10-25,Europa / DER A1A26 (eobs 4004),0,0.40962017,0.5,0,1.3581085
2022-10-25,Louis / DER AU050 (eobs 3264),0,0.35814363,0.5,0,0.014388644
2022-10-26,Angela / DER AY470 (eobs 4001),0,0.38659185,0.5,0,0.5025624
2022-10-26,Europa / DER A1A26 (eobs 4004),0,0.41265383,0.5,0,0.69803196
2022-10-26,Louis / DER AU050 (eobs 3264),0,0.3573209,0.5,0,0.22062851
2022-10-27,Angela / DER AY470 (eobs 4001),0,0.38469818,0.5,0,0.13325712
2022-10-27,Europa / DER A1A26 (eobs 4004),0,0.41543138,0.5,0,0.41804382
2022-10-27,Louis / DER AU050 (eobs 3264),0,0.35609412,0.5,0,0.23909228
2022-10-28,Angela / DER AY470 (eobs 4001),0,0.38323215,0.5,0,0.2441248
2022-10-28,Europa / DER A1A26 (eobs 4004),0,0.41774327,0.5,0,1.167168
2022-10-28,Louis / DER AU050 (eobs 3264),0,0.3555705,0.5,0,1.7818009
2022-10-29,Angela / DER AY470 (eobs 4001),0,0.38158774,0.5,0,1.7821031
2022-10-29,Europa / DER A1A26 (eobs 4004),0,0.41950053,0.5,0,3.152318
2022-10-29,Louis / DER AU050 (eobs 3264),0,0.35442233,0.5,0,0.7819489
2022-10-30,Angela / DER AY470 (eobs 4001),0,0.3807225,0.5,0,5.0681224
2022-10-30,Europa / DER A1A26 (eobs 4004),0,0.42145312,0.5,0,4.1976204
2022-10-30,Louis / DER AU050 (eobs 3264),0,0.35368556,0.5,0,0.73266906
2022-10-31,Angela / DER AY470 (eobs 4001),0,0.3790363,0.5,0,5.081512
2022-10-31,Europa / DER A1A26 (eobs 4004),0,0.42392683,0.5,0,0.6577313
2022-10-31,Louis / DER AU050 (eobs 3264),0,0.3532382,0.5,0,0.6918961
2022-11-01,Angela / DER AY470 (eobs 4001),0,0.3780828,0.5,0,5.952361
2022-11-01,Europa / DER A1A26 (eobs 4004),0,0.42317653,0.5,0,1.1095884
2022-11-01,Louis / DER AU050 (eobs 3264),0,0.3523246,0.5,0,0.29666388
2022-11-02,Angela / DER AY470 (eobs 4001),0,0.37623253,0.5,0,0.5868978
2022-11-02,Europa / DER A1A26 (eobs 4004),0,0.42014098,0.5,0,1.7367662
2022-11-02,Louis / DER AU050 (eobs 3264),0,0.35131016,0.5,0,0.9012443
2022-11-03,Angela / DER AY470 (eobs 4001),0,0.37469837,0.5,0,0.013892609
2022-11-03,Europa / DER A1A26 (eobs 4004),0,0.41891035,0.5,0,0.891838
2022-11-03,Louis / DER AU050 (eobs 3264),0,0.3507846,0.5,0,0.7946119
2022-11-04,Angela / DER AY470 (eobs 4001),0,0.3729867,0.5,0,1.5626261
2022-11-04,Europa / DER A1A26 (eobs 4004),0,0.41750753,0.5,0,0.82364887
2022-11-04,Louis / DER AU050 (eobs 3264),0,0.34950286,0.5,0,0.90254605
2022-11-05,Angela / DER AY470 (eobs 4001),0,0.37135705,0.5,0,1.0821112
2022-11-05,Europa / DER A1A26 (eobs 4004),0,0.41607574,0.5,0,0.06532381
2022-11-05,Louis / DER AU050 (eobs 3264),0,0.34887823,0.5,0,0.27068004
2022-11-06,Europa / DER A1A26 (eobs 4004),0,0.4150816,0.5,0,0.89909595
2022-11-06,Louis / DER AU050 (eobs 3264),0,0.3478498,0.5,0,4.712244
2022-11-07,Europa / DER A1A26 (eobs 4004),0,0.41253752,0.5,0,4.8843994
2022-11-07,Louis / DER AU050 (eobs 3264),0,0.3468337,0.5,0,27.486753
2022-11-08,Europa / DER A1A26 (eobs 4004),0,0.41057327,0.5,0,4.870731
2022-11-08,Louis / DER AU050 (eobs 3264),0,0.34645492,0.5,0,0.18559523
2022-11-09,Europa / DER A1A26 (eobs 4004),0,0.4093403,0.5,0,1.2947984
2022-11-09,Louis / DER AU050 (eobs 3264),0,0.34616327,0.5,0,0.16266188
2022-11-10,Europa / DER A1A26 (eobs 4004),0,0.40761575,0.5,0,1.6788815
2022-11-10,Louis / DER AU050 (eobs 3264),0,0.34575972,0.5,0,0.14935365
2022-11-11,Europa / DER A1A26 (eobs 4004),0,0.4064066,0.5,0,0.1701635
2022-11-11,Louis / DER AU050 (eobs 3264),0,0.34547496,0.5,0,0.6549326
2022-11-12,Europa / DER A1A26 (eobs 4004),0,0.40445122,0.5,0,0.21768662
2022-11-12,Louis / DER AU050 (eobs 3264),0,0.34517452,0.5,0,0.0069532874
2022-11-13,Europa / DER A1A26 (eobs 4004),0,0.4023736,0.5,0,8.845493
2022-11-13,Louis / DER AU050 (eobs 3264),0,0.3451518,0.5,0,0.11086698
2022-11-14,Europa / DER A1A26 (eobs 4004),0,0.4002112,0.5,0,0.9236729
2022-11-14,Louis / DER AU050 (eobs 3264),0,0.3448038,0.5,0,0.69116694
2022-11-15,Europa / DER A1A26 (eobs 4004),0,0.39834428,0.5,0,7.9628267
2022-11-15,Louis / DER AU050 (eobs 3264),0,0.3443483,0.5,0,0.45221367
2022-11-16,Europa / DER A1A26 (eobs 4004),0,0.39655656,0.5,0,0.09748509
2022-11-16,Louis / DER AU050 (eobs 3264),0,0.34398612,0.5,0,0.74893796
2022-11-17,Europa / DER A1A26 (eobs 4004),0,0.3946932,0.5,0,0.0050944844
2022-11-17,Louis / DER AU050 (eobs 3264),0,0.34364912,0.5,0,0.14035113
2022-11-18,Europa / DER A1A26 (eobs 4004),0,0.39319876,0.5,0,0.98193085
2022-11-18,Louis / DER AU050 (eobs 3264),0,0.34296107,0.5,0,0.40809602
2022-11-19,Europa / DER A1A26 (eobs 4004),0,0.39097887,0.5,0,1.0574111
2022-11-19,Louis / DER AU050 (eobs 3264),0,0.34256145,0.5,0,0.15829587
2022-11-20,Europa / DER A1A26 (eobs 4004),0,0.3895528,0.5,0,2.0505922
2022-11-20,Louis / DER AU050 (eobs 3264),0,0.34187022,0.5,0,0.20599824
2022-11-21,Europa / DER A1A26 (eobs 4004),0,0.38723743,0.5,0,0.6545116
2022-11-21,Louis / DER AU050 (eobs 3264),0,0.34193325,0.5,0,0.54873335
2022-11-22,Europa / DER A1A26 (eobs 4004),0,0.3852322,0.5,0,1.758546
2022-11-22,Louis / DER AU050 (eobs 3264),0,0.3413901,0.5,0,0.20541142
2022-11-23,Europa / DER A1A26 (eobs 4004),0,0.38332543,0.5,0,1.0580521
2022-11-23,Louis / DER AU050 (eobs 3264),0,0.34124506,0.5,0,0.08963872
2022-11-24,Europa / DER A1A26 (eobs 4004),0,0.3811926,0.5,0,0.15363856
2022-11-24,Louis / DER AU050 (eobs 3264),0,0.34075913,0.5,0,0.618686
2022-11-25,Europa / DER A1A26 (eobs 4004),0,0.37940967,0.5,0,0.2599389
2022-11-25,Louis / DER AU050 (eobs 3264),0,0.34008116,0.5,0,0.19385082
2022-11-26,Europa / DER A1A26 (eobs 4004),0,0.37695497,0.5,0,0.055293217
2022-11-26,Louis / DER AU050 (eobs 3264),0,0.33999002,0.5,0,0.18507521
2022-11-27,Europa / DER A1A26 (eobs 4004),0,0.37510908,0.5,0,8.789976
2022-11-27,Louis / DER AU050 (eobs 3264),0,0.33984128,0.5,0,1.1956251
2022-11-28,Europa / DER A1A26 (eobs 4004),0,0.37312165,0.5,0,8.791743
2022-11-28,Louis / DER AU050 (eobs 3264),0,0.33933115,0.5,0,0.0011488926
2022-11-29,Europa / DER A1A26 (eobs 4004),0,0.37103078,0.5,0,0.008917998
2022-11-29,Louis / DER AU050 (eobs 3264),0,0.33887604,0.5,0,0.0024156722
2022-11-30,Europa / DER A1A26 (eobs 4004),0,0.36835864,0.5,0,2.8490071
2022-11-30,Louis / DER AU050 (eobs 3264),0,0.33760414,0.5,0,0.7476874
2022-12-01,Europa / DER A1A26 (eobs 4004),0,0.36576512,0.5,0,3.6469128
2022-12-01,Louis / DER AU050 (eobs 3264),0,0.33638635,0.5,0,0.74983096
2022-12-02,Europa / DER A1A26 (eobs 4004),0,0.36360875,0.5,0,0.80819505
2022-12-02,Louis / DER AU050 (eobs 3264),0,0.33532393,0.5,0,0.0040651765
2022-12-03,Europa / DER A1A26 (eobs 4004),0,0.36142182,0.5,0,0.97223103
2022-12-04,Europa / DER A1A26 (eobs 4004),0,0.35947216,0.5,0,0.0060386285
2022-12-05,Europa / DER A1A26 (eobs 4004),0,0.35723513,0.5,0,1.1890165
2022-12-06,Europa / DER A1A26 (eobs 4004),0,0.35462874,0.5,0,1.615728
2022-12-07,Europa / DER A1A26 (eobs 4004),0,0.3522843,0.5,0,0.5735886
2022-12-08,Europa / DER A1A26 (eobs 4004),0,0.34962448,0.5,0,3.387794
2022-12-09,Europa / DER A1A26 (eobs 4004),0,0.3478262,0.5,0,1.334106
2022-12-10,Europa / DER A1A26 (eobs 4004),0,0.34554,0.5,0,4.1603026
2022-12-11,Europa / DER A1A26 (eobs 4004),0,0.34314626,0.5,0,5.004249
2022-12-12,Europa / DER A1A26 (eobs 4004),0,0.34128618,0.5,0,0.041500155
2022-12-13,Europa / DER A1A26 (eobs 4004),0,0.33934277,0.5,0,0.4149625
2022-12-14,Europa / DER A1A26 (eobs 4004),0,0.33722705,0.5,0,1.2924702
2022-12-15,Europa / DER A1A26 (eobs 4004),0,0.33464512,0.5,0,4.854203
2022-12-16,Europa / DER A1A26 (eobs 4004),0,0.33226374,0.5,0,4.9372606
2022-12-17,Europa / DER A1A26 (eobs 4004),0,0.33052891,0.5,0,0.10632745
2022-12-18,Europa / DER A1A26 (eobs 4004),0,0.32895905,0.5,0,3.773166
2022-12-19,Europa / DER A1A26 (eobs 4004),0,0.3269253,0.5,0,4.317431
2022-12-20,Europa / DER A1A26 (eobs 4004),0,0.32451952,0.5,0,0.14971317
2022-12-21,Europa / DER A1A26 (eobs 4004),0,0.32279325,0.5,0,3.5742342
2022-12-22,Europa / DER A1A26 (eobs 4004),0,0.3215309,0.5,0,3.884208
2022-12-23,Europa / DER A1A26 (eobs 4004),0,0.31916323,0.5,0,0.020676132
2022-12-24,Europa / DER A1A26 (eobs 4004),0,0.3179317,0.5,0,0.033651397
2022-12-25,Europa / DER A1A26 (eobs 4004),0,0.31577134,0.5,0,1.0434221
2022-12-26,Europa / DER A1A26 (eobs 4004),0,0.31414205,0.5,0,2.1162214
2022-12-27,Europa / DER A1A26 (eobs 4004),0,0.3130461,0.5,0,1.4362305
2022-12-28,Europa / DER A1A26 (eobs 4004),0,0.3117309,0.5,0,3.8659136
2022-12-29,Europa / DER A1A26 (eobs 4004),0,0.31023574,0.5,0,6.017148
2022-12-30,Europa / DER A1A26 (eobs 4004),0,0.30888948,0.5,0,0.10373837
2022-12-31,Europa / DER A1A26 (eobs 4004),0,0.30729362,0.5,0,0.4659058
2023-10-21,Louis / DER AU050 (eobs 3264),0,0.341028,0.5,0,0.56900233
2023-10-22,Louis / DER AU050 (eobs 3264),0,0.34155342,0.5,0,0.55357015
2023-10-23,Louis / DER AU050 (eobs 3264),0,0.343018,0.5,0,0.81880814
2023-10-24,Louis / DER AU050 (eobs 3264),0,0.34464952,0.5,0,0.57682765
2023-10-25,Louis / DER AU050 (eobs 3264),0,0.34609982,0.5,0,0.5476994
2023-10-26,Louis / DER AU050 (eobs 3264),0,0.34745795,0.5,0,0.32413977
2023-10-27,Louis / DER AU050 (eobs 3264),0,0.349101,0.5,0,0.339103
2023-10-28,Louis / DER AU050 (eobs 3264),0,0.35044566,0.5,0,0.013459669
2023-10-29,Louis / DER AU050 (eobs 3264),0,0.35203028,0.5,0,0.3156844
2023-10-30,Louis / DER AU050 (eobs 3264),0,0.35378322,0.5,0,0.45201722
2023-10-31,Louis / DER AU050 (eobs 3264),0,0.354909,0.5,0,1.1857618
2023-11-01,Louis / DER AU050 (eobs 3264),0,0.35659137,0.5,0,0.4127248
2023-11-02,Louis / DER AU050 (eobs 3264),0,0.35780236,0.5,0,0.47138557
2023-11-03,Louis / DER AU050 (eobs 3264),0,0.35914958,0.5,0,2.609114
2023-11-04,Europa / DER A1A26 (eobs 4004),0,0.41914833,0.5,0,0.052774444
2023-11-04,Louis / DER AU050 (eobs 3264),0,0.35777605,0.5,0,2.217982
2023-11-05,Europa / DER A1A26 (eobs 4004),0,0.41710123,0.5,0,0.06105275
2023-11-05,Louis / DER AU050 (eobs 3264),0,0.35581654,0.5,0,0.48512277
2023-11-06,Europa / DER A1A26 (eobs 4004),0,0.4162845,0.5,0,0.064784974
2023-11-06,Louis / DER AU050 (eobs 3264),0,0.35431138,0.5,0,0.008561309
2023-11-07,Europa / DER A1A26 (eobs 4004),0,0.41495818,0.5,0,0.003922406
2023-11-07,Louis / DER AU050 (eobs 3264),0,0.35305277,0.5,0,1.2253414
2023-11-08,Europa / DER A1A26 (eobs 4004),0,0.4138485,0.5,0,0.069742784
2023-11-08,Louis / DER AU050 (eobs 3264),0,0.3515825,0.5,0,1.0358479
2023-11-09,Europa / DER A1A26 (eobs 4004),0,0.4132044,0.5,0,7.045593
2023-11-09,Louis / DER AU050 (eobs 3264),0,0.3490737,0.5,0,0.9335198
2023-11-10,Europa / DER A1A26 (eobs 4004),0,0.4125091,0.5,0,7.1168957
2023-11-10,Louis / DER AU050 (eobs 3264),0,0.3474225,0.5,0,0.79617363
2023-11-11,Europa / DER A1A26 (eobs 4004),0,0.4110602,0.5,0,16.226252
2023-11-11,Louis / DER AU050 (eobs 3264),0,0.3454071,0.5,0,1.181755
2023-11-12,Europa / DER A1A26 (eobs 4004),0,0.4107078,0.5,0,9.743647
2023-11-12,Louis / DER AU050 (eobs 3264),0,0.34361097,0.5,0,1.9451152
2023-11-13,Louis / DER AU050 (eobs 3264),0,0.3418092,0.5,0,0.023661911
2023-11-14,Louis / DER AU050 (eobs 3264),0,0.33986077,0.5,0,0.0055203354
2023-11-15,Louis / DER AU050 (eobs 3264),0,0.33801225,0.5,0,0.022684354
2023-11-16,Louis / DER AU050 (eobs 3264),0,0.3358503,0.5,0,0.0392894
2023-11-17,Louis / DER AU050 (eobs 3264),0,0.33417308,0.5,0,0.47627664
2023-11-18,Louis / DER AU050 (eobs 3264),0,0.33232653,0.5,0,1.5686885
2023-11-19,Louis / DER AU050 (eobs 3264),0,0.3305529,0.5,0,0.361952
2023-11-20,Louis / DER AU050 (eobs 3264),0,0.3289303,0.5,0,1.4593085
2023-11-21,Louis / DER AU050 (eobs 3264),0,0.32719514,0.5,0,1.4609911
2023-11-22,Louis / DER AU050 (eobs 3264),0,0.3251135,0.5,0,0.32564738
2023-11-23,Louis / DER AU050 (eobs 3264),0,0.32345682,0.5,0,0.30022165
2023-11-24,Louis / DER AU050 (eobs 3264),0,0.32168406,0.5,0,0.2986352
2023-11-25,Louis / DER AU050 (eobs 3264),0,0.31992272,0.5,0,0.35833627
2023-11-26,Louis / DER AU050 (eobs 3264),0,0.31798574,0.5,0,0.14917538
2023-11-27,Louis / DER AU050 (eobs 3264),0,0.31593958,0.5,0,0.53152424
2023-11-28,Louis / DER AU050 (eobs 3264),0,0.3139731,0.5,0,0.008415743
2023-11-29,Louis / DER AU050 (eobs 3264),0,0.31215364,0.5,0,0.75482243
2023-11-30,Louis / DER AU050 (eobs 3264),0,0.31031054,0.5,0,0.727521
2023-12-01,Louis / DER AU050 (eobs 3264),0,0.3083964,0.5,0,0.8328545
2023-12-02,Louis / DER AU050 (eobs 3264),0,0.30659083,0.5,0,0.86814326
2023-12-03,Louis / DER AU050 (eobs 3264),0,0.30455735,0.5,0,0.013402757
2023-12-04,Louis / DER AU050 (eobs 3264),0,0.30292606,0.5,0,0.019397302
2023-12-05,Louis / DER AU050 (eobs 3264),0,0.30093485,0.5,0,0.67306566
2023-12-06,Louis / DER AU050 (eobs 3264),0,0.29915357,0.5,0,0.5599108
2023-12-07,Louis / DER AU050 (eobs 3264),0,0.29739875,0.5,0,0.9554835
2023-12-08,Louis / DER AU050 (eobs 3264),0,0.29526427,0.5,0,0.7161992
2023-12-09,Louis / DER AU050 (eobs 3264),0,0.29327667,0.5,0,0.64832014
2023-12-10,Louis / DER AU050 (eobs 3264),0,0.29172722,0.5,0,1.5335977
2023-12-11,Louis / DER AU050 (eobs 3264),0,0.28976336,0.5,0,1.7024851
2023-12-12,Louis / DER AU050 (eobs 3264),0,0.28784615,0.5,0,1.6236176
2023-12-13,Louis / DER AU050 (eobs 3264),0,0.2860813,0.5,0,0.23399551
2023-12-14,Louis / DER AU050 (eobs 3264),0,0.2844421,0.5,0,1.2147841
2023-12-15,Louis / DER AU050 (eobs 3264),0,0.28265023,0.5,0,2.6070433
2023-12-16,Louis / DER AU050 (eobs 3264),0,0.28082007,0.5,0,0.28281713
2023-12-17,Louis / DER AU050 (eobs 3264),0,0.27932382,0.5,0,1.5790775
2023-12-18,Louis / DER AU050 (eobs 3264),0,0.27740788,0.5,0,0.9914699
