mean_error_km,median_error_km,p90_error_km,p95_error_km,stationary_error_mean_km,fly_error_mean_km,migration50_error_mean_km,gated_mean_error_km,gated_median_error_km,gated_p90_error_km,gated_p95_error_km,gated_stationary_error_mean_km,gated_fly_error_mean_km,gated_migration50_error_mean_km,fly_threshold,fly_tp,fly_fp,fly_tn,fly_fn,fly_accuracy,fly_precision,fly_recall,fly_specificity,fly_f1,fly_false_positive_rate,model,best_epoch,best_val_loss,train_samples,test_samples,params,k,weather,runtime_seconds,model_name
26.341398239135742,15.204843521118164,59.91670227050781,90.95735168457031,15.142306327819824,65.52082824707031,92.37252807617188,69.82453918457031,53.06483459472656,149.60006713867188,184.1869659423828,15.030864715576172,79.24476623535156,92.1770248413086,0.6500000000000001,445,153,2100,199,0.8784949948222299,0.7441471571906354,0.6909937888198758,0.9320905459387483,0.71658615136876,0.06790945406125166,triline_lstm_2l_k7,6,2.377445843288065,9419,2897,341956,7,with_weather,30.76161813735962,triline_lstm_2l
22.1937313079834,8.599166870117188,54.04380416870117,92.97370147705078,9.959623336791992,64.99412536621094,94.60482025146484,67.94007110595703,47.21155548095703,148.42489624023438,182.36279296875,10.344618797302246,80.6198959350586,94.9608383178711,0.7000000000000001,425,171,2082,219,0.8653779772178115,0.7130872483221476,0.6599378881987578,0.9241011984021305,0.6854838709677419,0.0758988015978695,triline_lstm_4l_k7,9,2.4564714677012045,9419,2897,2235460,7,with_weather,89.46219825744629,triline_lstm_4l
19.085494995117188,3.4164950847625732,61.2563591003418,93.1463851928711,5.740484237670898,65.77230834960938,92.97049713134766,65.8373794555664,51.685081481933594,144.30099487304688,178.0918426513672,5.39998197555542,78.45695495605469,92.55734252929688,0.55,465,191,2062,179,0.8722816706938212,0.7088414634146342,0.7220496894409938,0.9152241455836663,0.7153846153846154,0.08477585441633377,triline_lstm_6l_k7,5,2.4816981320715295,9419,2897,12842308,7,with_weather,105.61460018157959,triline_lstm_6l
24.45731544494629,11.564512252807617,63.1300048828125,98.28327941894531,12.114031791687012,67.63963317871094,94.34735107421875,70.09856414794922,58.229148864746094,142.14544677734375,177.043701171875,13.08144474029541,79.44229125976562,91.52501678466797,0.55,432,146,2107,212,0.876423886779427,0.7474048442906575,0.6708074534161491,0.9351975144252108,0.707037643207856,0.06480248557478917,triline_transformer_v2_k7,14,2.4848977796036413,9419,2897,3291460,7,with_weather,121.52793836593628,triline_transformer_v2
23.657541275024414,11.088807106018066,59.685115814208984,92.15819549560547,11.923178672790527,64.7095947265625,93.14781188964844,66.93352508544922,51.07557678222656,147.13706970214844,182.7338104248047,11.41070556640625,78.70230865478516,93.38923645019531,0.6500000000000001,459,180,2073,185,0.8740075940628236,0.7183098591549296,0.7127329192546584,0.9201065246338216,0.7155105222135619,0.07989347536617843,triline_transformer_v3_k7,2,2.482124310589923,9419,2897,3391300,7,with_weather,88.68062567710876,triline_transformer_v3
29.21478843688965,18.409914016723633,67.78145599365234,95.99906158447266,18.32605743408203,67.30844116210938,91.98694610595703,79.11173248291016,68.53630065917969,147.6169891357422,179.53118896484375,18.579299926757812,84.11029815673828,91.7707290649414,0.8,401,108,2145,243,0.8788401794960303,0.787819253438114,0.6226708074534162,0.952063914780293,0.6955767562879445,0.047936085219707054,triline_transformer_v3_alibi_k7,11,2.4606575720632,9419,2897,3389252,7,with_weather,108.19760608673096,triline_transformer_v3_alibi
28.62795639038086,17.370269775390625,63.34892654418945,97.47550201416016,17.325876235961914,67.45484161376953,91.65755462646484,73.29612731933594,57.82142639160156,149.75341796875,182.40673828125,16.90959358215332,81.71918487548828,91.99942016601562,0.7000000000000001,410,132,1888,178,0.8811349693251533,0.7564575645756457,0.6972789115646258,0.9346534653465347,0.7256637168141593,0.06534653465346535,triline_lstm_2l_k14,7,2.3872932027454024,8611,2608,341956,14,with_weather,50.859561920166016,triline_lstm_2l
21.416259765625,6.936169624328613,58.794002532958984,100.94732666015625,7.491674900054932,69.2524185180664,98.83304595947266,71.44983673095703,51.385101318359375,162.260986328125,193.88162231445312,7.983119010925293,84.86875915527344,99.84437561035156,0.6000000000000001,413,139,1881,175,0.879601226993865,0.7481884057971014,0.7023809523809523,0.9311881188118812,0.724561403508772,0.06881188118811882,triline_lstm_4l_k14,6,2.410968607920079,8611,2608,2235460,14,with_weather,80.29297757148743,triline_lstm_4l
20.88808250427246,5.119811058044434,56.4182243347168,105.28395080566406,6.7746710777282715,69.37293243408203,101.01024627685547,67.32485961914062,41.797203063964844,158.78379821777344,195.9482421875,7.162357807159424,84.49819946289062,101.8025894165039,0.55,420,175,1845,168,0.8684815950920245,0.7058823529411765,0.7142857142857143,0.9133663366336634,0.7100591715976331,0.08663366336633663,triline_lstm_6l_k14,7,2.407920651640629,8611,2608,12842308,14,with_weather,124.93344593048096,triline_lstm_6l
26.2479305267334,13.857001304626465,60.55917739868164,98.65021514892578,13.997598648071289,68.33240509033203,94.6982192993164,69.0551986694336,51.321773529052734,149.1949005126953,180.8429718017578,13.595012664794922,80.48004150390625,94.24134063720703,0.7000000000000001,424,171,1849,164,0.8715490797546013,0.7126050420168067,0.7210884353741497,0.9153465346534654,0.716821639898563,0.08465346534653466,triline_transformer_v2_k14,29,2.430690970157553,8611,2608,3293252,14,with_weather,158.49131560325623,triline_transformer_v2
23.57617950439453,10.522693634033203,58.24243927001953,97.43988800048828,10.603679656982422,68.14157104492188,96.22367095947266,73.29010772705078,54.42528533935547,161.24758911132812,191.47816467285156,11.726040840148926,83.02766418457031,95.42899322509766,0.7500000000000001,389,113,1907,199,0.8803680981595092,0.7749003984063745,0.6615646258503401,0.944059405940594,0.7137614678899082,0.05594059405940594,triline_transformer_v3_k14,3,2.4702347312236856,8611,2608,3393092,14,with_weather,85.89543151855469,triline_transformer_v3
28.688114166259766,17.851245880126953,61.81792449951172,98.84046173095703,16.84673309326172,69.36769104003906,96.61521911621094,71.56232452392578,52.430458068847656,153.59312438964844,190.89633178710938,17.177139282226562,82.37604522705078,95.81182098388672,0.6500000000000001,410,142,1878,178,0.8773006134969326,0.7427536231884058,0.6972789115646258,0.9297029702970298,0.7192982456140351,0.0702970297029703,triline_transformer_v3_alibi_k14,5,2.437324254790698,8611,2608,3389252,14,with_weather,92.09030222892761,triline_transformer_v3_alibi
26.231380462646484,15.489177703857422,55.75765609741211,88.91606140136719,15.553346633911133,65.46636962890625,93.96942901611328,61.744136810302734,42.741580963134766,137.32655334472656,174.14755249023438,14.6111421585083,78.0843734741211,94.89171600341797,0.55,314,185,1406,119,0.849802371541502,0.6292585170340681,0.7251732101616628,0.8837209302325582,0.6738197424892703,0.11627906976744186,triline_lstm_2l_k30,8,2.4681252848960664,6899,2024,341956,30,with_weather,42.91515016555786,triline_lstm_2l
21.620973587036133,7.53220796585083,60.237030029296875,88.10346984863281,10.27267837524414,63.318748474121094,89.87004089355469,74.46298217773438,59.94840621948242,140.78466796875,173.1535186767578,9.800209045410156,81.50032806396484,91.77639770507812,0.7500000000000001,277,93,1498,156,0.8769762845849802,0.7486486486486487,0.6397228637413395,0.9415461973601509,0.6899128268991283,0.05845380263984915,triline_lstm_4l_k30,9,2.5397320057563633,6899,2024,2235460,30,with_weather,92.48416876792908,triline_lstm_4l
20.518573760986328,5.821985244750977,55.95255661010742,85.78318786621094,8.7699556350708,63.68728256225586,92.44160461425781,68.58623504638672,52.221439361572266,145.87916564941406,187.79690551757812,8.045507431030273,80.00395202636719,94.41676330566406,0.7000000000000001,291,126,1465,142,0.8675889328063241,0.697841726618705,0.6720554272517321,0.9208045254556882,0.6847058823529412,0.07919547454431175,triline_lstm_6l_k30,6,2.554229672247242,6899,2024,12842308,30,with_weather,145.64487504959106,triline_lstm_6l
18.6007022857666,4.124738693237305,54.555274963378906,90.46219635009766,5.966797351837158,65.02227020263672,95.97996520996094,67.4896011352539,48.645912170410156,154.88082885742188,190.3258514404297,6.446335315704346,81.75425720214844,97.93228912353516,0.6000000000000001,284,119,1472,149,0.8675889328063241,0.7047146401985112,0.6558891454965358,0.9252042740414833,0.6794258373205742,0.07479572595851666,triline_transformer_v2_k30,11,2.6387829855967886,6899,2024,3297348,30,with_weather,98.69682359695435,triline_transformer_v2
26.719327926635742,16.267532348632812,52.824134826660156,88.7789306640625,16.227495193481445,65.27014923095703,94.81444549560547,71.0376205444336,50.725799560546875,153.75326538085938,189.9544677734375,16.141523361206055,81.98924255371094,96.73548126220703,0.7500000000000001,281,109,1482,152,0.8710474308300395,0.7205128205128205,0.648960739030023,0.9314896291640478,0.6828675577156743,0.06851037083595223,triline_transformer_v3_k30,5,2.5726581090994975,6899,2024,3397188,30,with_weather,85.04624319076538,triline_transformer_v3
23.032773971557617,11.857135772705078,51.42321014404297,89.97160339355469,11.376487731933594,65.86222839355469,97.24657440185547,69.9295883178711,47.74452590942383,156.75411987304688,195.77001953125,12.15773868560791,83.42057037353516,99.56080627441406,0.7500000000000001,276,105,1486,157,0.8705533596837944,0.7244094488188977,0.6374133949191686,0.9340037712130735,0.6781326781326781,0.06599622878692646,triline_transformer_v3_alibi_k30,3,2.5951081170394956,6899,2024,3389252,30,with_weather,76.5595166683197,triline_transformer_v3_alibi
30.67303466796875,20.915729522705078,56.36228561401367,91.9246597290039,20.316776275634766,66.90385437011719,94.09127807617188,66.87781524658203,48.997276306152344,144.67234802246094,179.0480194091797,20.427305221557617,77.73474884033203,94.38232421875,0.6500000000000001,464,175,2078,180,0.8774594408008285,0.7261345852895149,0.7204968944099379,0.9223257878384377,0.7233047544816835,0.07767421216156237,triline_lstm_2l_k7,13,2.3087994698454355,9419,2897,340932,7,without_weather,63.547542095184326,triline_lstm_2l
22.64232635498047,9.026888847351074,58.469085693359375,95.1057357788086,10.37166976928711,65.57056427001953,94.19070434570312,69.98716735839844,51.481407165527344,148.7174530029297,184.61558532714844,10.014273643493652,78.39258575439453,93.0240249633789,0.8,455,155,2098,189,0.8812564722126338,0.7459016393442623,0.7065217391304348,0.931202840656902,0.7256778309409888,0.06879715934309809,triline_lstm_4l_k7,12,2.358477287470245,9419,2897,2233412,7,without_weather,90.58882761001587,triline_lstm_4l
20.89598846435547,6.095788955688477,57.519989013671875,96.17523193359375,8.150739669799805,65.48456573486328,94.38916778564453,62.8757438659668,45.3848762512207,141.8818359375,176.5682830810547,7.920773506164551,76.02226257324219,93.18706512451172,0.6000000000000001,479,205,2048,165,0.8722816706938212,0.7002923976608187,0.7437888198757764,0.9090102086107412,0.7213855421686747,0.09098979138925876,triline_lstm_6l_k7,10,2.37771796167905,9419,2897,12838212,7,without_weather,123.76730108261108,triline_lstm_6l
30.510034561157227,19.91362190246582,63.74882888793945,94.83454132080078,19.56100845336914,68.81462860107422,94.36447143554688,70.67462921142578,54.70906066894531,142.23178100585938,180.7362060546875,18.520065307617188,80.90985107421875,94.8331527709961,0.7000000000000001,473,193,2060,171,0.8743527787366241,0.7102102102102102,0.734472049689441,0.9143364403018198,0.7221374045801526,0.08566355969818021,triline_transformer_v2_k7,50,2.2968030744558536,9419,2897,3289412,7,without_weather,87.00306844711304,triline_transformer_v2
28.101144790649414,16.647199630737305,63.386444091796875,93.81859588623047,16.990036010742188,66.97276306152344,91.11264038085938,69.92491149902344,54.90827178955078,139.04306030273438,174.05917358398438,16.0505428314209,78.61678314208984,90.45124053955078,0.7000000000000001,466,182,2071,178,0.875733517431826,0.7191358024691358,0.7236024844720497,0.9192188193519751,0.7213622291021672,0.08078118064802485,triline_transformer_v3_k7,32,2.319779379268247,9419,2897,3389252,7,without_weather,49.20911908149719,triline_transformer_v3
30.40040397644043,20.67420768737793,61.874507904052734,93.06853485107422,20.169281005859375,66.19344329833984,92.20640563964844,68.50529479980469,52.9369010925293,144.49472045898438,176.749267578125,20.0248966217041,77.28211975097656,91.16873931884766,0.6500000000000001,460,160,2093,184,0.8812564722126338,0.7419354838709677,0.7142857142857143,0.9289835774522859,0.7278481012658228,0.07101642254771416,triline_transformer_v3_alibi_k7,8,2.3193254846106077,9419,2897,3387204,7,without_weather,28.925114631652832,triline_transformer_v3_alibi
29.43416976928711,18.75770378112793,61.1916618347168,91.75743103027344,18.305736541748047,67.66448974609375,91.66687774658203,69.53682708740234,54.580284118652344,147.10386657714844,179.8850555419922,17.964963912963867,77.79962158203125,90.82884979248047,0.6000000000000001,432,148,1872,156,0.8834355828220859,0.7448275862068966,0.7346938775510204,0.9267326732673268,0.7397260273972602,0.07326732673267326,triline_lstm_2l_k14,10,2.295552127931747,8611,2608,340932,14,without_weather,14.661146879196167,triline_lstm_2l
22.01639747619629,6.670530319213867,61.366268157958984,93.5114517211914,9.13180160522461,66.27981567382812,90.01707458496094,71.4525146484375,54.54912567138672,144.25990295410156,177.07154846191406,7.9717698097229,78.28848266601562,89.6607894897461,0.7000000000000001,433,144,1876,155,0.8853527607361963,0.7504332755632582,0.7363945578231292,0.9287128712871288,0.7433476394849785,0.07128712871287128,triline_lstm_4l_k14,9,2.3029158012998616,8611,2608,2233412,14,without_weather,23.25878930091858,triline_lstm_4l
21.328529357910156,5.876653671264648,56.729461669921875,98.63291931152344,7.710458755493164,68.11170196533203,96.91584014892578,67.76806640625,45.91862869262695,153.16754150390625,188.61032104492188,7.271406173706055,80.40758514404297,97.22858428955078,0.55,441,165,1855,147,0.8803680981595092,0.7277227722772277,0.75,0.9183168316831684,0.7386934673366834,0.08168316831683169,triline_lstm_6l_k14,7,2.3245585718037893,8611,2608,12838212,14,without_weather,25.861701250076294,triline_lstm_6l
25.639122009277344,12.417814254760742,65.78360748291016,99.54951477050781,13.12783432006836,68.62007904052734,91.04334259033203,69.06195068359375,53.96369934082031,136.51808166503906,169.21424865722656,12.211181640625,78.93034362792969,90.43595123291016,0.6500000000000001,443,173,1847,145,0.8780674846625767,0.7191558441558441,0.7534013605442177,0.9143564356435644,0.7358803986710963,0.08564356435643565,triline_transformer_v2_k14,24,2.312506848317714,8611,2608,3291204,14,without_weather,39.97083830833435,triline_transformer_v2
29.80924415588379,18.930320739746094,66.84445190429688,99.23760986328125,18.71940803527832,67.906982421875,89.98992919921875,74.1569595336914,61.699214935302734,135.59779357910156,176.67100524902344,17.90265655517578,81.29911041259766,89.64962768554688,0.7000000000000001,417,135,1885,171,0.8826687116564417,0.7554347826086957,0.7091836734693877,0.9331683168316832,0.7315789473684211,0.06683168316831684,triline_transformer_v3_k14,13,2.346629375329047,8611,2608,3391044,14,without_weather,29.013715267181396,triline_transformer_v3
34.17940139770508,25.181499481201172,65.48440551757812,95.23361206054688,23.91781234741211,69.4317855834961,91.38372039794922,74.81936645507812,58.57864761352539,149.9272918701172,178.02178955078125,23.368377685546875,81.79228210449219,91.13702392578125,0.7500000000000001,414,134,1886,174,0.8819018404907976,0.7554744525547445,0.7040816326530612,0.9336633663366337,0.7288732394366197,0.06633663366336634,triline_transformer_v3_alibi_k14,13,2.3255766184052074,8611,2608,3387204,14,without_weather,30.238873720169067,triline_transformer_v3_alibi
31.377477645874023,22.29349136352539,61.553955078125,88.21739196777344,21.802968978881836,66.55770874023438,93.46656036376953,66.21841430664062,49.71406173706055,140.241455078125,172.8482666015625,20.516498565673828,78.15641021728516,94.71417236328125,0.6500000000000001,320,161,1430,113,0.8646245059288538,0.6652806652806653,0.7390300230946882,0.8988057825267127,0.700218818380744,0.10119421747328725,triline_lstm_2l_k30,13,2.3828553418396963,6899,2024,340932,30,without_weather,12.73221230506897,triline_lstm_2l
18.87567138671875,4.330439567565918,57.33447265625,90.458251953125,6.820030689239502,63.1724967956543,90.98171997070312,63.572566986083984,46.48356628417969,137.0436248779297,171.4917755126953,5.729528427124023,75.28315734863281,92.24857330322266,0.5,316,144,1447,117,0.8710474308300395,0.6869565217391305,0.7297921478060047,0.9094908862350722,0.7077267637178052,0.09050911376492772,triline_lstm_4l_k30,13,2.4296276861499893,6899,2024,2233412,30,without_weather,25.767775535583496,triline_lstm_4l
20.66839027404785,7.341695785522461,49.52411651611328,90.32659912109375,8.697457313537598,64.65396118164062,97.13896942138672,63.51715087890625,44.0946044921875,146.9555206298828,186.80850219726562,8.662062644958496,77.76582336425781,98.42921447753906,0.6000000000000001,310,133,1458,123,0.8735177865612648,0.6997742663656885,0.7159353348729792,0.9164047768698932,0.7077625570776256,0.08359522313010685,triline_lstm_6l_k30,15,2.432470101141647,6899,2024,12838212,30,without_weather,39.88405132293701,triline_lstm_6l
27.182214736938477,16.318984985351562,61.03213119506836,89.5806655883789,17.265018463134766,63.62160873413086,89.59603881835938,67.4969253540039,54.55730056762695,137.0460968017578,168.4044647216797,15.722192764282227,75.89376831054688,90.54104614257812,0.6500000000000001,313,135,1456,120,0.8740118577075099,0.6986607142857143,0.7228637413394919,0.9151477058453803,0.7105561861520999,0.08485229415461974,triline_transformer_v2_k30,15,2.4674369054349516,6899,2024,3295300,30,without_weather,25.07338047027588,triline_transformer_v2
28.221731185913086,18.13065528869629,56.05684280395508,92.40147399902344,17.384490966796875,68.04170227050781,98.96207427978516,64.5149154663086,48.05923080444336,148.31515502929688,183.6051788330078,17.12303924560547,79.66761779785156,99.75746154785156,0.55,323,151,1440,110,0.8710474308300395,0.6814345991561181,0.745958429561201,0.9050911376492772,0.7122381477398015,0.09490886235072282,triline_transformer_v3_k30,9,2.4395947069989834,6899,2024,3395140,30,without_weather,21.453688383102417,triline_transformer_v3
31.48303985595703,20.794187545776367,63.64311981201172,86.27783203125,22.09296989440918,65.985595703125,91.45011138916016,72.85095977783203,61.5294303894043,143.23648071289062,181.3746337890625,20.68356704711914,80.4178237915039,92.67132568359375,0.7000000000000001,301,118,1473,132,0.8764822134387352,0.7183770883054893,0.6951501154734411,0.9258328095537398,0.7065727699530516,0.07416719044626022,triline_transformer_v3_alibi_k30,28,2.4424757618206763,6899,2024,3387204,30,without_weather,33.79905295372009,triline_transformer_v3_alibi
