threshold,tp,fp,tn,fn,accuracy,precision,recall,specificity,f1,false_positive_rate,false_negative_rate,balanced_accuracy,roc_auc,pr_auc
0.0008079145918600261,126,1662,0,0,0.07046979865771812,0.07046979865771812,1.0,0.0,0.13166144200626959,1.0,0.0,0.5,0.8173695872251828,0.35979075384465936
0.0022550496249459685,126,1644,18,0,0.08053691275167785,0.0711864406779661,1.0,0.010830324909747292,0.1329113924050633,0.9891696750902527,0.0,0.5054151624548736,0.8173695872251828,0.35979075384465936
0.024045334719121455,126,1626,36,0,0.09060402684563758,0.07191780821917808,1.0,0.021660649819494584,0.134185303514377,0.9783393501805054,0.0,0.5108303249097473,0.8173695872251828,0.35979075384465936
0.04339891701936722,126,1608,54,0,0.10067114093959731,0.0726643598615917,1.0,0.032490974729241874,0.13548387096774195,0.9675090252707581,0.0,0.516245487364621,0.8173695872251828,0.35979075384465936
0.062298326492309576,126,1590,72,0,0.11073825503355705,0.07342657342657342,1.0,0.04332129963898917,0.13680781758957655,0.9566787003610109,0.0,0.5216606498194946,0.8173695872251828,0.35979075384465936
0.08364364616572857,126,1572,90,0,0.12080536912751678,0.07420494699646643,1.0,0.05415162454873646,0.1381578947368421,0.9458483754512635,0.0,0.5270758122743683,0.8173695872251828,0.35979075384465936
0.09630414754152299,125,1555,107,1,0.1297539149888143,0.0744047619047619,0.9920634920634921,0.06438026474127558,0.13842746400885936,0.9356197352587244,0.007936507936507936,0.5282218784023839,0.8173695872251828,0.35979075384465936
0.11557982951402668,125,1537,125,1,0.13982102908277405,0.07521058965102287,0.9920634920634921,0.07521058965102287,0.13982102908277405,0.9247894103489771,0.007936507936507936,0.5336370408572575,0.8173695872251828,0.35979075384465936
0.13913313508033753,124,1521,141,2,0.14821029082774048,0.07537993920972644,0.9841269841269841,0.08483754512635379,0.14003387916431392,0.9151624548736462,0.015873015873015872,0.5344822646266689,0.8173695872251828,0.35979075384465936
0.1607241220772266,124,1503,159,2,0.15827740492170023,0.0762138905961893,0.9841269841269841,0.09566787003610108,0.1414717626925271,0.9043321299638989,0.015873015873015872,0.5398974270815425,0.8173695872251828,0.35979075384465936
0.1786137878894806,124,1485,177,2,0.16834451901565994,0.07706650093225606,0.9841269841269841,0.10649819494584838,0.1429394812680115,0.8935018050541517,0.015873015873015872,0.5453125895364163,0.8173695872251828,0.35979075384465936
0.19796157464385034,124,1467,195,2,0.1784116331096197,0.07793840351979887,0.9841269841269841,0.11732851985559567,0.14443797320908563,0.8826714801444043,0.015873015873015872,0.5507277519912899,0.8173695872251828,0.35979075384465936
0.2178000885248184,124,1449,213,2,0.1884787472035794,0.07883026064844247,0.9841269841269841,0.12815884476534295,0.14596821659799883,0.871841155234657,0.015873015873015872,0.5561429144461635,0.8173695872251828,0.35979075384465936
0.2371409121155739,124,1431,231,2,0.19854586129753915,0.0797427652733119,0.9841269841269841,0.13898916967509026,0.14753123140987506,0.8610108303249098,0.015873015873015872,0.5615580769010372,0.8173695872251828,0.35979075384465936
0.2469562309980393,124,1413,249,2,0.2086129753914989,0.08067664281067013,0.9841269841269841,0.14981949458483754,0.14912808177991582,0.8501805054151624,0.015873015873015872,0.5669732393559108,0.8173695872251828,0.35979075384465936
0.2672909036278725,122,1397,265,4,0.21644295302013422,0.08031599736668861,0.9682539682539683,0.15944645006016847,0.14832826747720365,0.8405535499398316,0.031746031746031744,0.5638502091570684,0.8173695872251828,0.35979075384465936
0.2902094089984894,122,1380,282,4,0.22595078299776286,0.08122503328894808,0.9682539682539683,0.16967509025270758,0.1498771498771499,0.8303249097472925,0.031746031746031744,0.568964529253338,0.8173695872251828,0.35979075384465936
0.33531891137361536,121,1363,299,5,0.2348993288590604,0.08153638814016173,0.9603174603174603,0.17990373044524668,0.15031055900621118,0.8200962695547533,0.03968253968253968,0.5701105953813536,0.8173695872251828,0.35979075384465936
0.36221264660358427,120,1346,316,6,0.24384787472035793,0.08185538881309687,0.9523809523809523,0.1901323706377858,0.15075376884422112,0.8098676293622142,0.047619047619047616,0.571256661509369,0.8173695872251828,0.35979075384465936
0.39697154909372334,120,1328,334,6,0.2539149888143177,0.08287292817679558,0.9523809523809523,0.2009626955475331,0.15247776365946633,0.7990373044524669,0.047619047619047616,0.5766718239642428,0.8173695872251828,0.35979075384465936
0.43187974691390996,120,1310,352,6,0.2639821029082774,0.08391608391608392,0.9523809523809523,0.21179302045728038,0.15424164524421594,0.7882069795427196,0.047619047619047616,0.5820869864191164,0.8173695872251828,0.35979075384465936
0.4696115526556968,119,1293,369,7,0.27293064876957496,0.08427762039660057,0.9444444444444444,0.22202166064981949,0.1547464239271782,0.7779783393501805,0.05555555555555555,0.583233052547132,0.8173695872251828,0.35979075384465936
0.5229580855369568,118,1276,386,8,0.28187919463087246,0.08464849354375897,0.9365079365079365,0.2322503008423586,0.15526315789473685,0.7677496991576414,0.06349206349206349,0.5843791186751476,0.8173695872251828,0.35979075384465936
0.5489741599559784,117,1259,403,9,0.29082774049217003,0.08502906976744186,0.9285714285714286,0.24247894103489773,0.15579227696404793,0.7575210589651022,0.07142857142857142,0.5855251848031632,0.8173695872251828,0.35979075384465936
0.5792382693290711,117,1242,420,9,0.30033557046979864,0.08609271523178808,0.9285714285714286,0.2527075812274368,0.1575757575757576,0.7472924187725631,0.07142857142857142,0.5906395048994327,0.8173695872251828,0.35979075384465936
0.6202752441167831,116,1225,437,10,0.3092841163310962,0.08650260999254288,0.9206349206349206,0.2629362214199759,0.15814587593728696,0.737063778580024,0.07936507936507936,0.5917855710274482,0.8173695872251828,0.35979075384465936
0.6466971397399902,116,1207,455,10,0.3193512304250559,0.08767951625094482,0.9206349206349206,0.27376654632972325,0.1601104209799862,0.7262334536702768,0.07936507936507936,0.5972007334823219,0.8173695872251828,0.35979075384465936
0.6804320853948593,116,1189,473,10,0.32941834451901564,0.08888888888888889,0.9206349206349206,0.28459687123947053,0.16212438853948288,0.7154031287605295,0.07936507936507936,0.6026158959371956,0.8173695872251828,0.35979075384465936
0.7019318795204162,116,1171,491,10,0.3394854586129754,0.09013209013209013,0.9206349206349206,0.2954271961492178,0.16418966737438073,0.7045728038507821,0.07936507936507936,0.6080310583920692,0.8173695872251828,0.35979075384465936
0.7341966342926026,116,1153,509,10,0.3495525727069351,0.09141055949566587,0.9206349206349206,0.3062575210589651,0.16630824372759856,0.6937424789410349,0.07936507936507936,0.6134462208469429,0.8173695872251828,0.35979075384465936
0.7619317650794983,115,1136,526,11,0.35850111856823264,0.09192645883293366,0.9126984126984127,0.3164861612515042,0.16702977487291212,0.6835138387484958,0.0873015873015873,0.6145922869749585,0.8173695872251828,0.35979075384465936
0.7960232406854629,114,1120,542,12,0.3668903803131991,0.09238249594813615,0.9047619047619048,0.32611311672683513,0.16764705882352943,0.6738868832731648,0.09523809523809523,0.6154375107443699,0.8173695872251828,0.35979075384465936
0.8439174103736877,113,1103,559,13,0.37583892617449666,0.09292763157894737,0.8968253968253969,0.33634175691937424,0.16840536512667661,0.6636582430806257,0.10317460317460317,0.6165835768723855,0.8173695872251828,0.35979075384465936
0.8878447473049165,113,1085,577,13,0.3859060402684564,0.09432387312186978,0.8968253968253969,0.3471720818291215,0.1706948640483384,0.6528279181708785,0.10317460317460317,0.6219987393272592,0.8173695872251828,0.35979075384465936
0.8957602348821819,113,1082,580,13,0.3875838926174497,0.09456066945606695,0.8968253968253969,0.3489771359807461,0.17108251324753973,0.6510228640192539,0.10317460317460317,0.6229012664030715,0.8173695872251828,0.35979075384465936
0.9228883922100067,113,1067,595,13,0.3959731543624161,0.09576271186440678,0.8968253968253969,0.35800240673886885,0.17304747320061256,0.6419975932611311,0.10317460317460317,0.6274139017821329,0.8173695872251828,0.35979075384465936
0.9687827527523044,113,1049,613,13,0.40604026845637586,0.0972461273666093,0.8968253968253969,0.36883273164861613,0.1754658385093168,0.6311672683513839,0.10317460317460317,0.6328290642370065,0.8173695872251828,0.35979075384465936
1.00681854724884,113,1031,631,13,0.4161073825503356,0.09877622377622378,0.8968253968253969,0.3796630565583634,0.17795275590551182,0.6203369434416366,0.10317460317460317,0.6382442266918802,0.8173695872251828,0.35979075384465936
1.0539795219898223,111,1015,647,15,0.42393736017897093,0.09857904085257549,0.8809523809523809,0.38929001203369434,0.17731629392971246,0.6107099879663056,0.11904761904761904,0.6351211964930377,0.8173695872251828,0.35979075384465936
1.0934342670440675,111,997,665,15,0.43400447427293065,0.10018050541516245,0.8809523809523809,0.4001203369434416,0.179902755267423,0.5998796630565584,0.11904761904761904,0.6405363589479113,0.8173695872251828,0.35979075384465936
1.1309849119186404,111,980,682,15,0.44351230425055926,0.10174152153987168,0.8809523809523809,0.41034897713598073,0.18241577649958915,0.5896510228640193,0.11904761904761904,0.6456506790441808,0.8173695872251828,0.35979075384465936
1.1663602113723757,111,962,700,15,0.45357941834451904,0.10344827586206896,0.8809523809523809,0.42117930204572807,0.18515429524603838,0.5788206979542719,0.11904761904761904,0.6510658414990544,0.8173695872251828,0.35979075384465936
1.2246510696411133,111,944,718,15,0.46364653243847875,0.1052132701421801,0.8809523809523809,0.43200962695547535,0.18797629127857748,0.5679903730445247,0.11904761904761904,0.6564810039539282,0.8173695872251828,0.35979075384465936
1.3019916510581964,110,927,735,16,0.47259507829977626,0.10607521697203472,0.873015873015873,0.44223826714801445,0.1891659501289768,0.5577617328519856,0.12698412698412698,0.6576270700819438,0.8173695872251828,0.35979075384465936
1.3818463647365569,110,909,753,16,0.48266219239373603,0.10794896957801767,0.873015873015873,0.45306859205776173,0.19213973799126638,0.5469314079422383,0.12698412698412698,0.6630422325368174,0.8173695872251828,0.35979075384465936
1.4573494434356689,110,891,771,16,0.49272930648769575,0.10989010989010989,0.873015873015873,0.463898916967509,0.19520851818988463,0.5361010830324909,0.12698412698412698,0.668457394991691,0.8173695872251828,0.35979075384465936
1.5219475269317626,110,873,789,16,0.5027964205816555,0.11190233977619532,0.873015873015873,0.4747292418772563,0.19837691614066727,0.5252707581227437,0.12698412698412698,0.6738725574465647,0.8173695872251828,0.35979075384465936
1.5823731231689453,109,856,806,17,0.511744966442953,0.11295336787564766,0.8650793650793651,0.48495788206979545,0.1998166819431714,0.5150421179302046,0.1349206349206349,0.6750186235745803,0.8173695872251828,0.35979075384465936
1.6502373087406172,109,839,823,17,0.5212527964205816,0.1149789029535865,0.8650793650793651,0.49518652226233456,0.20297951582867785,0.5048134777376655,0.1349206349206349,0.6801329436708499,0.8173695872251828,0.35979075384465936
1.7267724180221558,109,821,841,17,0.5313199105145414,0.11720430107526882,0.8650793650793651,0.5060168471720818,0.20643939393939392,0.49398315282791816,0.1349206349206349,0.6855481061257235,0.8173695872251828,0.35979075384465936
1.7907125551725038,109,803,859,17,0.5413870246085011,0.11951754385964912,0.8650793650793651,0.5168471720818292,0.21001926782273606,0.4831528279181709,0.1349206349206349,0.6909632685805971,0.8173695872251828,0.35979075384465936
1.7910735189914704,109,803,859,17,0.5413870246085011,0.11951754385964912,0.8650793650793651,0.5168471720818292,0.21001926782273606,0.4831528279181709,0.1349206349206349,0.6909632685805971,0.8173695872251828,0.35979075384465936
1.8658519983291626,107,787,875,19,0.5492170022371364,0.11968680089485459,0.8492063492063492,0.52647412755716,0.20980392156862743,0.47352587244283995,0.15079365079365079,0.6878402383817546,0.8173695872251828,0.35979075384465936
1.9550087988376617,107,769,893,19,0.5592841163310962,0.12214611872146118,0.8492063492063492,0.5373044524669074,0.21357285429141715,0.46269554753309267,0.15079365079365079,0.6932554008366283,0.8173695872251828,0.35979075384465936
2.047342233657837,107,751,911,19,0.569351230425056,0.1247086247086247,0.8492063492063492,0.5481347773766546,0.21747967479674793,0.4518652226233454,0.15079365079365079,0.6986705632915019,0.8173695872251828,0.35979075384465936
2.14058479309082,107,733,929,19,0.5794183445190156,0.12738095238095237,0.8492063492063492,0.558965102286402,0.22153209109730845,0.44103489771359805,0.15079365079365079,0.7040857257463755,0.8173695872251828,0.35979075384465936
2.224229865074158,106,717,945,20,0.5878076062639821,0.12879708383961117,0.8412698412698413,0.5685920577617328,0.2233930453108535,0.4314079422382672,0.15873015873015872,0.704930949515787,0.8173695872251828,0.35979075384465936
2.332098865509033,106,699,963,20,0.5978747203579419,0.13167701863354037,0.8412698412698413,0.5794223826714802,0.22771213748657357,0.42057761732851984,0.15873015873015872,0.7103461119706607,0.8173695872251828,0.35979075384465936
2.4178501892089894,106,681,981,20,0.6079418344519015,0.13468869123252858,0.8412698412698413,0.5902527075812274,0.23220153340635266,0.40974729241877256,0.15873015873015872,0.7157612744255344,0.8173695872251828,0.35979075384465936
2.52998165845871,106,663,999,20,0.6180089485458613,0.1378413524057217,0.8412698412698413,0.6010830324909747,0.23687150837988827,0.3989169675090253,0.15873015873015872,0.721176436880408,0.8173695872251828,0.35979075384465936
2.658085885047913,106,645,1017,20,0.6280760626398211,0.1411451398135819,0.8412698412698413,0.6119133574007221,0.241733181299886,0.388086642599278,0.15873015873015872,0.7265915993352816,0.8173695872251828,0.35979075384465936
2.685664875462826,106,642,1020,20,0.6297539149888143,0.14171122994652408,0.8412698412698413,0.6137184115523465,0.24256292906178492,0.3862815884476534,0.15873015873015872,0.7274941264110939,0.8173695872251828,0.35979075384465936
2.793898959159851,106,627,1035,20,0.6381431767337807,0.1446111869031378,0.8412698412698413,0.6227436823104693,0.24679860302677534,0.37725631768953066,0.15873015873015872,0.7320067617901553,0.8173695872251828,0.35979075384465936
2.9340797424316407,106,609,1053,20,0.6482102908277405,0.14825174825174825,0.8412698412698413,0.6335740072202166,0.25208085612366227,0.3664259927797834,0.15873015873015872,0.737421924245029,0.8173695872251828,0.35979075384465936
3.059299585819244,106,591,1071,20,0.6582774049217002,0.15208034433285508,0.8412698412698413,0.644404332129964,0.25759416767922233,0.3555956678700361,0.15873015873015872,0.7428370866999026,0.8173695872251828,0.35979075384465936
3.1839198780059816,106,574,1088,20,0.6677852348993288,0.15588235294117647,0.8412698412698413,0.6546329723225031,0.2630272952853598,0.345367027677497,0.15873015873015872,0.7479514067961721,0.8173695872251828,0.35979075384465936
3.3145613813400265,106,556,1106,20,0.6778523489932886,0.16012084592145015,0.8412698412698413,0.6654632972322503,0.26903553299492383,0.3345367027677497,0.15873015873015872,0.7533665692510458,0.8173695872251828,0.35979075384465936
3.4846127510070803,106,538,1124,20,0.6879194630872483,0.16459627329192547,0.8412698412698413,0.6762936221419976,0.27532467532467536,0.3237063778580024,0.15873015873015872,0.7587817317059194,0.8173695872251828,0.35979075384465936
3.5806171957531476,105,531,1131,21,0.6912751677852349,0.1650943396226415,0.8333333333333334,0.6805054151624549,0.2755905511811023,0.3194945848375451,0.16666666666666666,0.7569193742478941,0.8173695872251828,0.35979075384465936
3.6952205419540407,105,521,1141,21,0.6968680089485458,0.16773162939297126,0.8333333333333334,0.6865222623345367,0.2792553191489362,0.3134777376654633,0.16666666666666666,0.759927797833935,0.8173695872251828,0.35979075384465936
3.8299968719482425,105,503,1159,21,0.7069351230425056,0.17269736842105263,0.8333333333333334,0.697352587244284,0.2861035422343325,0.302647412755716,0.16666666666666666,0.7653429602888087,0.8173695872251828,0.35979075384465936
4.049916744232178,105,485,1177,21,0.7170022371364653,0.17796610169491525,0.8333333333333334,0.7081829121540313,0.2932960893854748,0.2918170878459687,0.16666666666666666,0.7707581227436824,0.8173695872251828,0.35979075384465936
4.197929611206056,102,470,1192,24,0.7237136465324385,0.17832167832167833,0.8095238095238095,0.717208182912154,0.2922636103151863,0.28279181708784595,0.19047619047619047,0.7633659962179817,0.8173695872251828,0.35979075384465936
4.427542119026185,101,453,1209,25,0.732662192393736,0.18231046931407943,0.8015873015873016,0.7274368231046932,0.29705882352941176,0.27256317689530685,0.1984126984126984,0.7645120623459973,0.8173695872251828,0.35979075384465936
4.475569516043469,101,449,1213,25,0.7348993288590604,0.18363636363636363,0.8015873015873016,0.7298435619735258,0.29881656804733725,0.27015643802647415,0.1984126984126984,0.7657154317804138,0.8173695872251828,0.35979075384465936
4.703694581985479,101,436,1226,25,0.7421700223713646,0.18808193668528864,0.8015873015873016,0.7376654632972323,0.30467571644042235,0.26233453670276774,0.1984126984126984,0.7696263824422669,0.8173695872251828,0.35979075384465936
4.956233859062195,100,419,1243,26,0.7511185682326622,0.1926782273603083,0.7936507936507936,0.7478941034897714,0.31007751937984496,0.25210589651022863,0.20634920634920634,0.7707724485702825,0.8173695872251828,0.35979075384465936
5.2996595954895005,99,402,1260,27,0.7600671140939598,0.19760479041916168,0.7857142857142857,0.7581227436823105,0.3157894736842105,0.24187725631768953,0.21428571428571427,0.7719185146982981,0.8173695872251828,0.35979075384465936
5.370521836333792,98,399,1263,28,0.7611856823266219,0.19718309859154928,0.7777777777777778,0.759927797833935,0.3146067415730337,0.24007220216606498,0.2222222222222222,0.7688527878058564,0.8173695872251828,0.35979075384465936
5.687070350646972,96,387,1275,30,0.7667785234899329,0.19875776397515527,0.7619047619047619,0.7671480144404332,0.31527093596059114,0.2328519855595668,0.23809523809523808,0.7645263881725975,0.8173695872251828,0.35979075384465936
6.105171136856079,96,369,1293,30,0.7768456375838926,0.2064516129032258,0.7619047619047619,0.7779783393501805,0.32487309644670054,0.22202166064981949,0.23809523809523808,0.7699415506274712,0.8173695872251828,0.35979075384465936
6.265474156624113,96,365,1297,30,0.779082774049217,0.20824295010845986,0.7619047619047619,0.7803850782190133,0.3270868824531516,0.21961492178098677,0.23809523809523808,0.7711449200618876,0.8173695872251828,0.35979075384465936
6.632385492324829,94,353,1309,32,0.7846756152125279,0.21029082774049218,0.746031746031746,0.7876052948255114,0.32809773123909247,0.21239470517448858,0.25396825396825395,0.7668185204286287,0.8173695872251828,0.35979075384465936
7.160426476914435,89,347,1315,37,0.785234899328859,0.20412844036697247,0.7063492063492064,0.7912154031287605,0.3167259786476868,0.20878459687123946,0.29365079365079366,0.7487823047389834,0.8173695872251828,0.35979075384465936
7.335747509002688,87,342,1320,39,0.7869127516778524,0.20279720279720279,0.6904761904761905,0.7942238267148014,0.3135135135135135,0.20577617328519857,0.30952380952380953,0.7423500085954959,0.8173695872251828,0.35979075384465936
8.01697379589081,87,325,1337,39,0.796420581655481,0.2111650485436893,0.6904761904761905,0.8044524669073405,0.32342007434944237,0.19554753309265946,0.30952380952380953,0.7474643286917655,0.8173695872251828,0.35979075384465936
8.055378797204757,87,322,1340,39,0.7980984340044742,0.21271393643031786,0.6904761904761905,0.8062575210589651,0.3252336448598131,0.19374247894103488,0.30952380952380953,0.7483668557675778,0.8173695872251828,0.35979075384465936
8.829738788604736,84,310,1352,42,0.8031319910514542,0.2131979695431472,0.6666666666666666,0.8134777376654633,0.32307692307692304,0.1865222623345367,0.3333333333333333,0.740072202166065,0.8173695872251828,0.35979075384465936
8.950331117495079,82,307,1355,44,0.8036912751677853,0.21079691516709512,0.6507936507936508,0.8152827918170878,0.31844660194174756,0.18471720818291215,0.3492063492063492,0.7330382213053693,0.8173695872251828,0.35979075384465936
9.514141511917114,81,295,1367,45,0.8098434004474273,0.2154255319148936,0.6428571428571429,0.822503008423586,0.3227091633466136,0.17749699157641396,0.35714285714285715,0.7326800756403644,0.8173695872251828,0.35979075384465936
9.845283437785401,81,285,1377,45,0.8154362416107382,0.22131147540983606,0.6428571428571429,0.8285198555956679,0.32926829268292684,0.17148014440433212,0.35714285714285715,0.7356884992264054,0.8173695872251828,0.35979075384465936
10.4253589630127,81,277,1385,45,0.819910514541387,0.22625698324022347,0.6428571428571429,0.8333333333333334,0.3347107438016529,0.16666666666666666,0.35714285714285715,0.7380952380952381,0.8173695872251828,0.35979075384465936
10.740235758075723,81,274,1388,45,0.8215883668903803,0.22816901408450704,0.6428571428571429,0.8351383874849578,0.3367983367983368,0.1648616125150421,0.35714285714285715,0.7389977651710504,0.8173695872251828,0.35979075384465936
11.635188078366046,81,262,1400,45,0.8282997762863534,0.23615160349854228,0.6428571428571429,0.8423586040914561,0.3454157782515992,0.15764139590854392,0.35714285714285715,0.7426078734742996,0.8173695872251828,0.35979075384465936
12.051475591659546,80,260,1402,46,0.8288590604026845,0.23529411764705882,0.6349206349206349,0.8435619735258725,0.34334763948497854,0.15643802647412755,0.36507936507936506,0.7392413042232537,0.8173695872251828,0.35979075384465936
12.530140398656366,80,252,1410,46,0.8333333333333334,0.24096385542168675,0.6349206349206349,0.8483754512635379,0.34934497816593885,0.15162454873646208,0.36507936507936506,0.7416480430920864,0.8173695872251828,0.35979075384465936
13.346869792938241,80,242,1420,46,0.8389261744966443,0.2484472049689441,0.6349206349206349,0.8543922984356197,0.35714285714285715,0.14560770156438027,0.36507936507936506,0.7446564666781272,0.8173695872251828,0.35979075384465936
13.425092718946688,80,240,1422,46,0.8400447427293065,0.25,0.6349206349206349,0.855595667870036,0.35874439461883406,0.1444043321299639,0.36507936507936506,0.7452581513953355,0.8173695872251828,0.35979075384465936
14.32004503923701,80,234,1428,46,0.843400447427293,0.25477707006369427,0.6349206349206349,0.8592057761732852,0.36363636363636365,0.1407942238267148,0.36507936507936506,0.74706320554696,0.8173695872251828,0.35979075384465936
15.065057258605957,79,225,1437,47,0.8478747203579419,0.2598684210526316,0.626984126984127,0.8646209386281588,0.36744186046511623,0.13537906137184116,0.373015873015873,0.7458025328061428,0.8173695872251828,0.35979075384465936
15.214997359527333,78,224,1438,48,0.8478747203579419,0.2582781456953642,0.6190476190476191,0.865222623345367,0.36448598130841126,0.13477737665463296,0.38095238095238093,0.742135121196493,0.8173695872251828,0.35979075384465936
16.109949679817653,77,214,1448,49,0.8529082774049217,0.2646048109965636,0.6111111111111112,0.8712394705174489,0.3693045563549161,0.12876052948255115,0.3888888888888889,0.74117529081428,0.8173695872251828,0.35979075384465936
16.690329132080073,77,209,1453,49,0.8557046979865772,0.2692307692307692,0.6111111111111112,0.8742478941034898,0.3737864077669903,0.12575210589651023,0.3888888888888889,0.7426795026073005,0.8173695872251828,0.35979075384465936
17.004902000107975,77,207,1455,49,0.8568232662192393,0.2711267605633803,0.6111111111111112,0.8754512635379061,0.37560975609756103,0.12454873646209386,0.3888888888888889,0.7432811873245087,0.8173695872251828,0.35979075384465936
17.899854320398298,77,202,1460,49,0.8596196868008948,0.27598566308243727,0.6111111111111112,0.8784596871239471,0.3802469135802469,0.12154031287605295,0.3888888888888889,0.7447853991175291,0.8173695872251828,0.35979075384465936
18.79480664068862,76,193,1469,50,0.8640939597315436,0.2825278810408922,0.6031746031746031,0.8838748495788207,0.3848101265822785,0.1161251504211793,0.3968253968253968,0.743524726376712,0.8173695872251828,0.35979075384465936
18.798037815093995,76,193,1469,50,0.8640939597315436,0.2825278810408922,0.6031746031746031,0.8838748495788207,0.3848101265822785,0.1161251504211793,0.3968253968253968,0.743524726376712,0.8173695872251828,0.35979075384465936
19.689758960978942,76,188,1474,50,0.8668903803131991,0.2878787878787879,0.6031746031746031,0.8868832731648616,0.38974358974358975,0.11311672683513839,0.3968253968253968,0.7450289381697324,0.8173695872251828,0.35979075384465936
20.584711281269264,76,184,1478,50,0.8691275167785235,0.2923076923076923,0.6031746031746031,0.8892900120336944,0.3937823834196892,0.11070998796630566,0.3968253968253968,0.7462323076041488,0.8173695872251828,0.35979075384465936
21.479663601559587,76,178,1484,50,0.87248322147651,0.2992125984251969,0.6031746031746031,0.8929001203369434,0.4,0.10709987966305656,0.3968253968253968,0.7480373617557733,0.8173695872251828,0.35979075384465936
22.013180313110333,76,175,1487,50,0.8741610738255033,0.30278884462151395,0.6031746031746031,0.894705174488568,0.403183023872679,0.10529482551143202,0.3968253968253968,0.7489398888315856,0.8173695872251828,0.35979075384465936
22.37461592184991,75,170,1492,51,0.8763982102908278,0.30612244897959184,0.5952380952380952,0.8977135980746089,0.4043126684636119,0.1022864019253911,0.40476190476190477,0.7464758466563521,0.8173695872251828,0.35979075384465936
23.26956824214023,74,168,1494,52,0.8769574944071589,0.30578512396694213,0.5873015873015873,0.8989169675090253,0.4021739130434782,0.10108303249097472,0.4126984126984127,0.7431092774053063,0.8173695872251828,0.35979075384465936
24.16452056243055,73,164,1498,53,0.8786353467561522,0.3080168776371308,0.5793650793650794,0.901323706377858,0.4022038567493113,0.098676293622142,0.42063492063492064,0.7403443928714687,0.8173695872251828,0.35979075384465936
24.864568881988536,72,161,1501,54,0.8797539149888143,0.3090128755364807,0.5714285714285714,0.9031287605294825,0.40111420612813375,0.09687123947051744,0.42857142857142855,0.7372786659790269,0.8173695872251828,0.35979075384465936
25.059472882720872,71,161,1501,55,0.8791946308724832,0.30603448275862066,0.5634920634920635,0.9031287605294825,0.3966480446927374,0.09687123947051744,0.4365079365079365,0.733310412010773,0.8173695872251828,0.35979075384465936
25.954425203011194,70,158,1504,56,0.8803131991051454,0.30701754385964913,0.5555555555555556,0.9049338146811071,0.3954802259887006,0.0950661853188929,0.4444444444444444,0.7302446851183313,0.8173695872251828,0.35979075384465936
26.849377523301516,67,154,1508,59,0.8808724832214765,0.3031674208144796,0.5317460317460317,0.9073405535499398,0.3861671469740634,0.09265944645006016,0.46825396825396826,0.7195432926479858,0.8173695872251828,0.35979075384465936
27.74432984359184,67,151,1511,59,0.8825503355704698,0.3073394495412844,0.5317460317460317,0.9091456077015644,0.3895348837209302,0.09085439229843562,0.46825396825396826,0.7204458197237981,0.8173695872251828,0.35979075384465936
28.63928216388216,67,149,1513,59,0.883668903803132,0.3101851851851852,0.5317460317460317,0.9103489771359807,0.391812865497076,0.08965102286401926,0.46825396825396826,0.7210475044410063,0.8173695872251828,0.35979075384465936
28.91302330017088,67,148,1514,59,0.8842281879194631,0.3116279069767442,0.5317460317460317,0.910950661853189,0.3929618768328446,0.08904933814681107,0.46825396825396826,0.7213483467996104,0.8173695872251828,0.35979075384465936
29.534234484172483,67,142,1520,59,0.8875838926174496,0.32057416267942584,0.5317460317460317,0.914560770156438,0.39999999999999997,0.08543922984356198,0.46825396825396826,0.7231534009512348,0.8173695872251828,0.35979075384465936
30.429186804462805,67,140,1522,59,0.8887024608501118,0.32367149758454106,0.5317460317460317,0.9157641395908543,0.4024024024024024,0.0842358604091456,0.46825396825396826,0.723755085668443,0.8173695872251828,0.35979075384465936
31.324139124753128,67,139,1523,59,0.889261744966443,0.32524271844660196,0.5317460317460317,0.9163658243080626,0.4036144578313253,0.08363417569193743,0.46825396825396826,0.7240559280270471,0.8173695872251828,0.35979075384465936
32.219091445043446,67,133,1529,59,0.8926174496644296,0.335,0.5317460317460317,0.9199759326113117,0.4110429447852761,0.08002406738868832,0.46825396825396826,0.7258609821786717,0.8173695872251828,0.35979075384465936
32.487752609252944,67,130,1532,59,0.8942953020134228,0.3401015228426396,0.5317460317460317,0.9217809867629362,0.4148606811145511,0.07821901323706378,0.46825396825396826,0.726763509254484,0.8173695872251828,0.35979075384465936
33.11404376533377,67,125,1537,59,0.8970917225950783,0.3489583333333333,0.5317460317460317,0.9247894103489771,0.4213836477987421,0.07521058965102287,0.46825396825396826,0.7282677210475044,0.8173695872251828,0.35979075384465936
34.00899608562409,66,123,1539,60,0.8976510067114094,0.3492063492063492,0.5238095238095238,0.9259927797833934,0.41904761904761906,0.0740072202166065,0.47619047619047616,0.7249011517964586,0.8173695872251828,0.35979075384465936
34.90394840591441,65,122,1540,61,0.8976510067114094,0.34759358288770054,0.5158730158730159,0.9265944645006017,0.415335463258786,0.07340553549939831,0.48412698412698413,0.7212337401868087,0.8173695872251828,0.35979075384465936
35.798900726204735,65,121,1541,61,0.8982102908277405,0.34946236559139787,0.5158730158730159,0.9271961492178099,0.4166666666666667,0.07280385078219014,0.48412698412698413,0.7215345825454129,0.8173695872251828,0.35979075384465936
36.69385304649506,65,120,1542,61,0.8987695749440716,0.35135135135135137,0.5158730158730159,0.927797833935018,0.41800643086816724,0.07220216606498195,0.48412698412698413,0.721835424904017,0.8173695872251828,0.35979075384465936
37.58880536678538,63,120,1542,63,0.8976510067114094,0.3442622950819672,0.5,0.927797833935018,0.4077669902912622,0.07220216606498195,0.5,0.713898916967509,0.8173695872251828,0.35979075384465936
38.4837576870757,63,120,1542,63,0.8976510067114094,0.3442622950819672,0.5,0.927797833935018,0.4077669902912622,0.07220216606498195,0.5,0.713898916967509,0.8173695872251828,0.35979075384465936
38.9546230316162,63,116,1546,63,0.8998881431767338,0.35195530726256985,0.5,0.9302045728038508,0.4131147540983607,0.06979542719614922,0.5,0.7151022864019254,0.8173695872251828,0.35979075384465936
39.378710007366024,63,114,1548,63,0.9010067114093959,0.3559322033898305,0.5,0.9314079422382672,0.4158415841584159,0.06859205776173286,0.5,0.7157039711191335,0.8173695872251828,0.35979075384465936
40.273662327656346,63,108,1554,63,0.9043624161073825,0.3684210526315789,0.5,0.9350180505415162,0.4242424242424242,0.06498194945848375,0.5,0.7175090252707581,0.8173695872251828,0.35979075384465936
41.16861464794667,63,104,1558,63,0.906599552572707,0.3772455089820359,0.5,0.937424789410349,0.4300341296928327,0.06257521058965103,0.5,0.7187123947051746,0.8173695872251828,0.35979075384465936
42.06356696823699,63,102,1560,63,0.9077181208053692,0.38181818181818183,0.5,0.9386281588447654,0.4329896907216495,0.061371841155234655,0.5,0.7193140794223827,0.8173695872251828,0.35979075384465936
42.95851928852731,63,100,1562,63,0.9088366890380313,0.38650306748466257,0.5,0.9398315282791817,0.4359861591695502,0.06016847172081829,0.5,0.7199157641395908,0.8173695872251828,0.35979075384465936
43.84363761901858,63,98,1564,63,0.9099552572706935,0.391304347826087,0.5,0.941034897713598,0.4390243902439025,0.05896510228640193,0.5,0.720517448856799,0.8173695872251828,0.35979075384465936
43.853471608817635,63,98,1564,63,0.9099552572706935,0.391304347826087,0.5,0.941034897713598,0.4390243902439025,0.05896510228640193,0.5,0.720517448856799,0.8173695872251828,0.35979075384465936
44.74842392910796,62,96,1566,64,0.9105145413870246,0.3924050632911392,0.49206349206349204,0.9422382671480144,0.43661971830985913,0.05776173285198556,0.5079365079365079,0.7171508796057532,0.8173695872251828,0.35979075384465936
45.64337624939828,62,93,1569,64,0.9121923937360179,0.4,0.49206349206349204,0.944043321299639,0.4412811387900356,0.05595667870036101,0.5079365079365079,0.7180534066815655,0.8173695872251828,0.35979075384465936
46.5383285696886,61,92,1570,65,0.9121923937360179,0.39869281045751637,0.48412698412698413,0.9446450060168472,0.4372759856630825,0.05535499398315283,0.5158730158730159,0.7143859950719157,0.8173695872251828,0.35979075384465936
47.433280889978924,61,92,1570,65,0.9121923937360179,0.39869281045751637,0.48412698412698413,0.9446450060168472,0.4372759856630825,0.05535499398315283,0.5158730158730159,0.7143859950719157,0.8173695872251828,0.35979075384465936
48.32823321026924,60,91,1571,66,0.9121923937360179,0.3973509933774834,0.47619047619047616,0.9452466907340553,0.4332129963898917,0.05475330926594465,0.5238095238095238,0.7107185834622658,0.8173695872251828,0.35979075384465936
49.22318553055956,59,89,1573,67,0.912751677852349,0.39864864864864863,0.46825396825396826,0.9464500601684718,0.43065693430656937,0.05354993983152828,0.5317460317460317,0.70735201421122,0.8173695872251828,0.35979075384465936
49.99573516845703,59,84,1578,67,0.9155480984340044,0.4125874125874126,0.46825396825396826,0.9494584837545126,0.43866171003717475,0.05054151624548736,0.5317460317460317,0.7088562260042404,0.8173695872251828,0.35979075384465936
50.118137850849884,58,83,1579,68,0.9155480984340044,0.41134751773049644,0.4603174603174603,0.9500601684717208,0.43445692883895126,0.04993983152827918,0.5396825396825397,0.7051888143945906,0.8173695872251828,0.35979075384465936
51.013090171140206,58,82,1580,68,0.9161073825503355,0.4142857142857143,0.4603174603174603,0.950661853188929,0.4360902255639098,0.049338146811071,0.5396825396825397,0.7054896567531946,0.8173695872251828,0.35979075384465936
51.90804249143053,57,78,1584,69,0.9177852348993288,0.4222222222222222,0.4523809523809524,0.9530685920577617,0.4367816091954023,0.04693140794223827,0.5476190476190477,0.702724772219357,0.8173695872251828,0.35979075384465936
52.80299481172085,56,77,1585,70,0.9177852348993288,0.42105263157894735,0.4444444444444444,0.95367027677497,0.43243243243243246,0.04632972322503008,0.5555555555555556,0.6990573606097072,0.8173695872251828,0.35979075384465936
53.69794713201117,54,75,1587,72,0.9177852348993288,0.4186046511627907,0.42857142857142855,0.9548736462093863,0.42352941176470593,0.04512635379061372,0.5714285714285714,0.6917225373904075,0.8173695872251828,0.35979075384465936
54.592899452301495,54,75,1587,72,0.9177852348993288,0.4186046511627907,0.42857142857142855,0.9548736462093863,0.42352941176470593,0.04512635379061372,0.5714285714285714,0.6917225373904075,0.8173695872251828,0.35979075384465936
55.48785177259182,52,74,1588,74,0.9172259507829977,0.4126984126984127,0.4126984126984127,0.9554753309265944,0.4126984126984127,0.044524669073405534,0.5873015873015873,0.6840868718125035,0.8173695872251828,0.35979075384465936
55.57769680023194,52,74,1588,74,0.9172259507829977,0.4126984126984127,0.4126984126984127,0.9554753309265944,0.4126984126984127,0.044524669073405534,0.5873015873015873,0.6840868718125035,0.8173695872251828,0.35979075384465936
56.38280409288214,51,70,1592,75,0.918903803131991,0.4214876033057851,0.40476190476190477,0.9578820697954272,0.4129554655870445,0.0421179302045728,0.5952380952380952,0.681321987278666,0.8173695872251828,0.35979075384465936
57.27775641317246,51,69,1593,75,0.9194630872483222,0.425,0.40476190476190477,0.9584837545126353,0.41463414634146345,0.04151624548736462,0.5952380952380952,0.6816228296372701,0.8173695872251828,0.35979075384465936
58.172708733462784,51,67,1595,75,0.9205816554809844,0.4322033898305085,0.40476190476190477,0.9596871239470517,0.4180327868852459,0.040312876052948254,0.5952380952380952,0.6822245143544783,0.8173695872251828,0.35979075384465936
59.067661053753106,50,66,1596,76,0.9205816554809844,0.43103448275862066,0.3968253968253968,0.9602888086642599,0.4132231404958677,0.039711191335740074,0.6031746031746031,0.6785571027448284,0.8173695872251828,0.35979075384465936
59.96261337404343,47,64,1598,79,0.9200223713646533,0.42342342342342343,0.373015873015873,0.9614921780986763,0.39662447257383965,0.03850782190132371,0.626984126984127,0.6672540255572746,0.8173695872251828,0.35979075384465936
60.85756569433375,47,63,1599,79,0.9205816554809844,0.42727272727272725,0.373015873015873,0.9620938628158845,0.3983050847457627,0.03790613718411552,0.626984126984127,0.6675548679158787,0.8173695872251828,0.35979075384465936
61.75251801462407,47,62,1600,79,0.9211409395973155,0.43119266055045874,0.373015873015873,0.9626955475330926,0.4,0.03730445246690734,0.626984126984127,0.6678557102744829,0.8173695872251828,0.35979075384465936
62.33236740112315,47,61,1601,79,0.9217002237136466,0.4351851851851852,0.373015873015873,0.9632972322503008,0.4017094017094017,0.036702767749699154,0.626984126984127,0.6681565526330869,0.8173695872251828,0.35979075384465936
62.647470334914395,47,60,1602,79,0.9222595078299777,0.4392523364485981,0.373015873015873,0.9638989169675091,0.4034334763948498,0.036101083032490974,0.626984126984127,0.668457394991691,0.8173695872251828,0.35979075384465936
63.54242265520472,46,56,1606,80,0.9239373601789709,0.45098039215686275,0.36507936507936506,0.9663056558363418,0.4035087719298246,0.03369434416365824,0.6349206349206349,0.6656925104578534,0.8173695872251828,0.35979075384465936
64.43737497549503,45,54,1608,81,0.924496644295302,0.45454545454545453,0.35714285714285715,0.9675090252707581,0.4,0.032490974729241874,0.6428571428571429,0.6623259412068077,0.8173695872251828,0.35979075384465936
65.33232729578536,45,53,1609,81,0.9250559284116331,0.45918367346938777,0.35714285714285715,0.9681107099879663,0.4017857142857143,0.031889290012033694,0.6428571428571429,0.6626267835654117,0.8173695872251828,0.35979075384465936
66.22727961607568,43,53,1609,83,0.9239373601789709,0.4479166666666667,0.3412698412698413,0.9681107099879663,0.3873873873873874,0.031889290012033694,0.6587301587301587,0.6546902756289038,0.8173695872251828,0.35979075384465936
67.122231936366,42,50,1612,84,0.9250559284116331,0.45652173913043476,0.3333333333333333,0.9699157641395909,0.38532110091743116,0.030084235860409144,0.6666666666666666,0.6516245487364621,0.8173695872251828,0.35979075384465936
68.01718425665632,42,49,1613,84,0.9256152125279642,0.46153846153846156,0.3333333333333333,0.970517448856799,0.3870967741935484,0.029482551143200964,0.6666666666666666,0.6519253910950662,0.8173695872251828,0.35979075384465936
68.91213657694665,42,49,1613,84,0.9256152125279642,0.46153846153846156,0.3333333333333333,0.970517448856799,0.3870967741935484,0.029482551143200964,0.6666666666666666,0.6519253910950662,0.8173695872251828,0.35979075384465936
69.80708889723697,42,49,1613,84,0.9256152125279642,0.46153846153846156,0.3333333333333333,0.970517448856799,0.3870967741935484,0.029482551143200964,0.6666666666666666,0.6519253910950662,0.8173695872251828,0.35979075384465936
70.7020412175273,42,49,1613,84,0.9256152125279642,0.46153846153846156,0.3333333333333333,0.970517448856799,0.3870967741935484,0.029482551143200964,0.6666666666666666,0.6519253910950662,0.8173695872251828,0.35979075384465936
71.1404262542725,41,49,1613,85,0.9250559284116331,0.45555555555555555,0.3253968253968254,0.970517448856799,0.3796296296296296,0.029482551143200964,0.6746031746031746,0.6479571371268122,0.8173695872251828,0.35979075384465936
71.59699353781761,41,48,1614,85,0.9256152125279642,0.4606741573033708,0.3253968253968254,0.9711191335740073,0.3813953488372093,0.02888086642599278,0.6746031746031746,0.6482579794854163,0.8173695872251828,0.35979075384465936
72.49194585810794,41,48,1614,85,0.9256152125279642,0.4606741573033708,0.3253968253968254,0.9711191335740073,0.3813953488372093,0.02888086642599278,0.6746031746031746,0.6482579794854163,0.8173695872251828,0.35979075384465936
73.38689817839825,40,48,1614,86,0.9250559284116331,0.45454545454545453,0.31746031746031744,0.9711191335740073,0.37383177570093457,0.02888086642599278,0.6825396825396826,0.6442897255171623,0.8173695872251828,0.35979075384465936
74.28185049868858,39,46,1616,87,0.9256152125279642,0.4588235294117647,0.30952380952380953,0.9723225030084236,0.3696682464454977,0.027677496991576414,0.6904761904761905,0.6409231562661166,0.8173695872251828,0.35979075384465936
75.1768028189789,39,45,1617,87,0.9261744966442953,0.4642857142857143,0.30952380952380953,0.9729241877256317,0.3714285714285715,0.02707581227436823,0.6904761904761905,0.6412239986247206,0.8173695872251828,0.35979075384465936
76.07175513926923,38,45,1617,88,0.9256152125279642,0.4578313253012048,0.30158730158730157,0.9729241877256317,0.3636363636363636,0.02707581227436823,0.6984126984126984,0.6372557446564666,0.8173695872251828,0.35979075384465936
76.96670745955954,38,45,1617,88,0.9256152125279642,0.4578313253012048,0.30158730158730157,0.9729241877256317,0.3636363636363636,0.02707581227436823,0.6984126984126984,0.6372557446564666,0.8173695872251828,0.35979075384465936
77.86165977984986,38,45,1617,88,0.9256152125279642,0.4578313253012048,0.30158730158730157,0.9729241877256317,0.3636363636363636,0.02707581227436823,0.6984126984126984,0.6372557446564666,0.8173695872251828,0.35979075384465936
78.75661210014019,37,45,1617,89,0.9250559284116331,0.45121951219512196,0.29365079365079366,0.9729241877256317,0.3557692307692308,0.02707581227436823,0.7063492063492064,0.6332874906882127,0.8173695872251828,0.35979075384465936
79.6515644204305,37,45,1617,89,0.9250559284116331,0.45121951219512196,0.29365079365079366,0.9729241877256317,0.3557692307692308,0.02707581227436823,0.7063492063492064,0.6332874906882127,0.8173695872251828,0.35979075384465936
80.54651674072083,37,45,1617,89,0.9250559284116331,0.45121951219512196,0.29365079365079366,0.9729241877256317,0.3557692307692308,0.02707581227436823,0.7063492063492064,0.6332874906882127,0.8173695872251828,0.35979075384465936
81.44146906101115,37,45,1617,89,0.9250559284116331,0.45121951219512196,0.29365079365079366,0.9729241877256317,0.3557692307692308,0.02707581227436823,0.7063492063492064,0.6332874906882127,0.8173695872251828,0.35979075384465936
82.33642138130148,36,44,1618,90,0.9250559284116331,0.45,0.2857142857142857,0.97352587244284,0.3495145631067961,0.026474127557160047,0.7142857142857143,0.6296200790785629,0.8173695872251828,0.35979075384465936
83.23137370159179,36,43,1619,90,0.9256152125279642,0.45569620253164556,0.2857142857142857,0.9741275571600482,0.35121951219512193,0.025872442839951864,0.7142857142857143,0.6299209214371669,0.8173695872251828,0.35979075384465936
84.12632602188212,35,41,1621,91,0.9261744966442953,0.4605263157894737,0.2777777777777778,0.9753309265944645,0.3465346534653465,0.0246690734055355,0.7222222222222222,0.6265543521861212,0.8173695872251828,0.35979075384465936
85.02127834217244,35,39,1623,91,0.9272930648769575,0.47297297297297297,0.2777777777777778,0.9765342960288809,0.35000000000000003,0.023465703971119134,0.7222222222222222,0.6271560369033293,0.8173695872251828,0.35979075384465936
85.91623066246277,34,39,1623,92,0.9267337807606264,0.4657534246575342,0.2698412698412698,0.9765342960288809,0.3417085427135678,0.023465703971119134,0.7301587301587301,0.6231877829350754,0.8173695872251828,0.35979075384465936
86.75174926757812,34,38,1624,92,0.9272930648769575,0.4722222222222222,0.2698412698412698,0.9771359807460891,0.34343434343434337,0.02286401925391095,0.7301587301587301,0.6234886252936794,0.8173695872251828,0.35979075384465936
86.81118298275308,33,38,1624,93,0.9267337807606264,0.4647887323943662,0.2619047619047619,0.9771359807460891,0.3350253807106599,0.02286401925391095,0.7380952380952381,0.6195203713254255,0.8173695872251828,0.35979075384465936
87.70613530304341,32,37,1625,94,0.9267337807606264,0.463768115942029,0.25396825396825395,0.9777376654632972,0.3282051282051282,0.022262334536702767,0.746031746031746,0.6158529597157756,0.8173695872251828,0.35979075384465936
88.60108762333373,32,34,1628,94,0.9284116331096197,0.48484848484848486,0.25396825396825395,0.9795427196149218,0.3333333333333333,0.02045728038507822,0.746031746031746,0.6167554867915879,0.8173695872251828,0.35979075384465936
89.49603994362406,30,33,1629,96,0.9278523489932886,0.47619047619047616,0.23809523809523808,0.98014440433213,0.3174603174603175,0.019855595667870037,0.7619047619047619,0.609119821213684,0.8173695872251828,0.35979075384465936
90.39099226391437,30,30,1632,96,0.9295302013422819,0.5,0.23809523809523808,0.9819494584837545,0.3225806451612903,0.018050541516245487,0.7619047619047619,0.6100223482894963,0.8173695872251828,0.35979075384465936
91.2859445842047,30,30,1632,96,0.9295302013422819,0.5,0.23809523809523808,0.9819494584837545,0.3225806451612903,0.018050541516245487,0.7619047619047619,0.6100223482894963,0.8173695872251828,0.35979075384465936
92.18089690449501,30,30,1632,96,0.9295302013422819,0.5,0.23809523809523808,0.9819494584837545,0.3225806451612903,0.018050541516245487,0.7619047619047619,0.6100223482894963,0.8173695872251828,0.35979075384465936
93.07584922478534,29,29,1633,97,0.9295302013422819,0.5,0.23015873015873015,0.9825511432009627,0.31521739130434784,0.017448856799037304,0.7698412698412699,0.6063549366798464,0.8173695872251828,0.35979075384465936
93.97080154507566,29,29,1633,97,0.9295302013422819,0.5,0.23015873015873015,0.9825511432009627,0.31521739130434784,0.017448856799037304,0.7698412698412699,0.6063549366798464,0.8173695872251828,0.35979075384465936
94.86575386536599,26,28,1634,100,0.9284116331096197,0.48148148148148145,0.20634920634920634,0.9831528279181708,0.28888888888888886,0.01684717208182912,0.7936507936507936,0.5947510171336886,0.8173695872251828,0.35979075384465936
95.55590049743626,26,28,1634,100,0.9284116331096197,0.48148148148148145,0.20634920634920634,0.9831528279181708,0.28888888888888886,0.01684717208182912,0.7936507936507936,0.5947510171336886,0.8173695872251828,0.35979075384465936
95.7607061856563,26,28,1634,100,0.9284116331096197,0.48148148148148145,0.20634920634920634,0.9831528279181708,0.28888888888888886,0.01684717208182912,0.7936507936507936,0.5947510171336886,0.8173695872251828,0.35979075384465936
96.65565850594662,26,28,1634,100,0.9284116331096197,0.48148148148148145,0.20634920634920634,0.9831528279181708,0.28888888888888886,0.01684717208182912,0.7936507936507936,0.5947510171336886,0.8173695872251828,0.35979075384465936
97.55061082623695,25,26,1636,101,0.9289709172259508,0.49019607843137253,0.1984126984126984,0.9843561973525873,0.2824858757062147,0.015643802647412757,0.8015873015873016,0.5913844478826429,0.8173695872251828,0.35979075384465936
98.44556314652726,25,26,1636,101,0.9289709172259508,0.49019607843137253,0.1984126984126984,0.9843561973525873,0.2824858757062147,0.015643802647412757,0.8015873015873016,0.5913844478826429,0.8173695872251828,0.35979075384465936
99.34051546681759,25,26,1636,101,0.9289709172259508,0.49019607843137253,0.1984126984126984,0.9843561973525873,0.2824858757062147,0.015643802647412757,0.8015873015873016,0.5913844478826429,0.8173695872251828,0.35979075384465936
100.23546778710791,24,25,1637,102,0.9289709172259508,0.4897959183673469,0.19047619047619047,0.9849578820697954,0.2742857142857143,0.015042117930204572,0.8095238095238095,0.5877170362729929,0.8173695872251828,0.35979075384465936
101.13042010739824,24,25,1637,102,0.9289709172259508,0.4897959183673469,0.19047619047619047,0.9849578820697954,0.2742857142857143,0.015042117930204572,0.8095238095238095,0.5877170362729929,0.8173695872251828,0.35979075384465936
102.02537242768855,23,23,1639,103,0.9295302013422819,0.5,0.18253968253968253,0.9861612515042117,0.26744186046511625,0.013838748495788207,0.8174603174603174,0.5843504670219472,0.8173695872251828,0.35979075384465936
102.92032474797888,23,22,1640,103,0.930089485458613,0.5111111111111111,0.18253968253968253,0.98676293622142,0.26900584795321636,0.013237063778580024,0.8174603174603174,0.5846513093805512,0.8173695872251828,0.35979075384465936
103.8152770682692,22,22,1640,104,0.9295302013422819,0.5,0.1746031746031746,0.98676293622142,0.2588235294117647,0.013237063778580024,0.8253968253968254,0.5806830554122973,0.8173695872251828,0.35979075384465936
104.71022938855953,22,20,1642,104,0.930648769574944,0.5238095238095238,0.1746031746031746,0.9879663056558363,0.2619047619047619,0.012033694344163659,0.8253968253968254,0.5812847401295055,0.8173695872251828,0.35979075384465936
105.60518170884984,19,20,1642,107,0.9289709172259508,0.48717948717948717,0.15079365079365079,0.9879663056558363,0.23030303030303031,0.012033694344163659,0.8492063492063492,0.5693799782247435,0.8173695872251828,0.35979075384465936
106.50013402914017,18,20,1642,108,0.9284116331096197,0.47368421052631576,0.14285714285714285,0.9879663056558363,0.21951219512195122,0.012033694344163659,0.8571428571428571,0.5654117242564896,0.8173695872251828,0.35979075384465936
107.39508634943049,18,20,1642,108,0.9284116331096197,0.47368421052631576,0.14285714285714285,0.9879663056558363,0.21951219512195122,0.012033694344163659,0.8571428571428571,0.5654117242564896,0.8173695872251828,0.35979075384465936
108.29003866972081,18,19,1643,108,0.9289709172259508,0.4864864864864865,0.14285714285714285,0.9885679903730445,0.22085889570552145,0.011432009626955475,0.8571428571428571,0.5657125666150937,0.8173695872251828,0.35979075384465936
109.18499099001113,18,19,1643,108,0.9289709172259508,0.4864864864864865,0.14285714285714285,0.9885679903730445,0.22085889570552145,0.011432009626955475,0.8571428571428571,0.5657125666150937,0.8173695872251828,0.35979075384465936
109.83010971069335,17,19,1643,109,0.9284116331096197,0.4722222222222222,0.1349206349206349,0.9885679903730445,0.20987654320987653,0.011432009626955475,0.8650793650793651,0.5617443126468398,0.8173695872251828,0.35979075384465936
110.07994331030146,17,19,1643,109,0.9284116331096197,0.4722222222222222,0.1349206349206349,0.9885679903730445,0.20987654320987653,0.011432009626955475,0.8650793650793651,0.5617443126468398,0.8173695872251828,0.35979075384465936
110.97489563059177,17,19,1643,109,0.9284116331096197,0.4722222222222222,0.1349206349206349,0.9885679903730445,0.20987654320987653,0.011432009626955475,0.8650793650793651,0.5617443126468398,0.8173695872251828,0.35979075384465936
111.8698479508821,16,18,1644,110,0.9284116331096197,0.47058823529411764,0.12698412698412698,0.9891696750902527,0.19999999999999998,0.010830324909747292,0.873015873015873,0.5580769010371898,0.8173695872251828,0.35979075384465936
112.76480027117242,16,17,1645,110,0.9289709172259508,0.48484848484848486,0.12698412698412698,0.9897713598074609,0.2012578616352201,0.01022864019253911,0.873015873015873,0.5583777433957939,0.8173695872251828,0.35979075384465936
113.65975259146275,15,17,1645,111,0.9284116331096197,0.46875,0.11904761904761904,0.9897713598074609,0.18987341772151897,0.01022864019253911,0.8809523809523809,0.55440948942754,0.8173695872251828,0.35979075384465936
114.55470491175306,15,17,1645,111,0.9284116331096197,0.46875,0.11904761904761904,0.9897713598074609,0.18987341772151897,0.01022864019253911,0.8809523809523809,0.55440948942754,0.8173695872251828,0.35979075384465936
115.44965723204338,15,17,1645,111,0.9284116331096197,0.46875,0.11904761904761904,0.9897713598074609,0.18987341772151897,0.01022864019253911,0.8809523809523809,0.55440948942754,0.8173695872251828,0.35979075384465936
116.34460955233371,15,17,1645,111,0.9284116331096197,0.46875,0.11904761904761904,0.9897713598074609,0.18987341772151897,0.01022864019253911,0.8809523809523809,0.55440948942754,0.8173695872251828,0.35979075384465936
117.23956187262402,15,17,1645,111,0.9284116331096197,0.46875,0.11904761904761904,0.9897713598074609,0.18987341772151897,0.01022864019253911,0.8809523809523809,0.55440948942754,0.8173695872251828,0.35979075384465936
118.13451419291435,15,17,1645,111,0.9284116331096197,0.46875,0.11904761904761904,0.9897713598074609,0.18987341772151897,0.01022864019253911,0.8809523809523809,0.55440948942754,0.8173695872251828,0.35979075384465936
119.02946651320467,15,17,1645,111,0.9284116331096197,0.46875,0.11904761904761904,0.9897713598074609,0.18987341772151897,0.01022864019253911,0.8809523809523809,0.55440948942754,0.8173695872251828,0.35979075384465936
119.924418833495,15,17,1645,111,0.9284116331096197,0.46875,0.11904761904761904,0.9897713598074609,0.18987341772151897,0.01022864019253911,0.8809523809523809,0.55440948942754,0.8173695872251828,0.35979075384465936
120.81937115378531,15,15,1647,111,0.9295302013422819,0.5,0.11904761904761904,0.9909747292418772,0.1923076923076923,0.009025270758122744,0.8809523809523809,0.5550111741447481,0.8173695872251828,0.35979075384465936
121.71432347407564,15,14,1648,111,0.930089485458613,0.5172413793103449,0.11904761904761904,0.9915764139590855,0.1935483870967742,0.00842358604091456,0.8809523809523809,0.5553120165033523,0.8173695872251828,0.35979075384465936
122.60927579436596,15,14,1648,111,0.930089485458613,0.5172413793103449,0.11904761904761904,0.9915764139590855,0.1935483870967742,0.00842358604091456,0.8809523809523809,0.5553120165033523,0.8173695872251828,0.35979075384465936
123.50422811465629,14,14,1648,112,0.9295302013422819,0.5,0.1111111111111111,0.9915764139590855,0.1818181818181818,0.00842358604091456,0.8888888888888888,0.5513437625350983,0.8173695872251828,0.35979075384465936
124.3991804349466,14,14,1648,112,0.9295302013422819,0.5,0.1111111111111111,0.9915764139590855,0.1818181818181818,0.00842358604091456,0.8888888888888888,0.5513437625350983,0.8173695872251828,0.35979075384465936
125.29413275523693,14,14,1648,112,0.9295302013422819,0.5,0.1111111111111111,0.9915764139590855,0.1818181818181818,0.00842358604091456,0.8888888888888888,0.5513437625350983,0.8173695872251828,0.35979075384465936
126.18908507552725,13,13,1649,113,0.9295302013422819,0.5,0.10317460317460317,0.9921780986762936,0.17105263157894737,0.007821901323706379,0.8968253968253969,0.5476763509254484,0.8173695872251828,0.35979075384465936
127.08403739581757,13,13,1649,113,0.9295302013422819,0.5,0.10317460317460317,0.9921780986762936,0.17105263157894737,0.007821901323706379,0.8968253968253969,0.5476763509254484,0.8173695872251828,0.35979075384465936
127.97898971610789,12,12,1650,114,0.9295302013422819,0.5,0.09523809523809523,0.9927797833935018,0.16,0.007220216606498195,0.9047619047619048,0.5440089393157985,0.8173695872251828,0.35979075384465936
128.8739420363982,12,12,1650,114,0.9295302013422819,0.5,0.09523809523809523,0.9927797833935018,0.16,0.007220216606498195,0.9047619047619048,0.5440089393157985,0.8173695872251828,0.35979075384465936
129.76889435668855,11,11,1651,115,0.9295302013422819,0.5,0.0873015873015873,0.99338146811071,0.14864864864864863,0.006618531889290012,0.9126984126984127,0.5403415277061486,0.8173695872251828,0.35979075384465936
130.66384667697886,11,11,1651,115,0.9295302013422819,0.5,0.0873015873015873,0.99338146811071,0.14864864864864863,0.006618531889290012,0.9126984126984127,0.5403415277061486,0.8173695872251828,0.35979075384465936
131.55879899726918,11,11,1651,115,0.9295302013422819,0.5,0.0873015873015873,0.99338146811071,0.14864864864864863,0.006618531889290012,0.9126984126984127,0.5403415277061486,0.8173695872251828,0.35979075384465936
132.4537513175595,10,11,1651,116,0.9289709172259508,0.47619047619047616,0.07936507936507936,0.99338146811071,0.13605442176870747,0.006618531889290012,0.9206349206349206,0.5363732737378947,0.8173695872251828,0.35979075384465936
133.34870363784984,10,11,1651,116,0.9289709172259508,0.47619047619047616,0.07936507936507936,0.99338146811071,0.13605442176870747,0.006618531889290012,0.9206349206349206,0.5363732737378947,0.8173695872251828,0.35979075384465936
134.24365595814015,10,10,1652,116,0.9295302013422819,0.5,0.07936507936507936,0.9939831528279182,0.13698630136986303,0.006016847172081829,0.9206349206349206,0.5366741160964987,0.8173695872251828,0.35979075384465936
134.63658981323232,10,8,1654,116,0.930648769574944,0.5555555555555556,0.07936507936507936,0.9951865222623345,0.1388888888888889,0.0048134777376654635,0.9206349206349206,0.537275800813707,0.8173695872251828,0.35979075384465936
135.13860827843047,10,8,1654,116,0.930648769574944,0.5555555555555556,0.07936507936507936,0.9951865222623345,0.1388888888888889,0.0048134777376654635,0.9206349206349206,0.537275800813707,0.8173695872251828,0.35979075384465936
136.03356059872078,10,6,1656,116,0.9317673378076062,0.625,0.07936507936507936,0.9963898916967509,0.14084507042253522,0.0036101083032490976,0.9206349206349206,0.5378774855309151,0.8173695872251828,0.35979075384465936
136.9285129190111,9,6,1656,117,0.9312080536912751,0.6,0.07142857142857142,0.9963898916967509,0.1276595744680851,0.0036101083032490976,0.9285714285714286,0.5339092315626611,0.8173695872251828,0.35979075384465936
137.82346523930144,9,6,1656,117,0.9312080536912751,0.6,0.07142857142857142,0.9963898916967509,0.1276595744680851,0.0036101083032490976,0.9285714285714286,0.5339092315626611,0.8173695872251828,0.35979075384465936
138.71841755959176,8,3,1659,118,0.9323266219239373,0.7272727272727273,0.06349206349206349,0.9981949458483754,0.11678832116788321,0.0018050541516245488,0.9365079365079365,0.5308435046702195,0.8173695872251828,0.35979075384465936
139.61336987988207,7,3,1659,119,0.9317673378076062,0.7,0.05555555555555555,0.9981949458483754,0.10294117647058822,0.0018050541516245488,0.9444444444444444,0.5268752507019655,0.8173695872251828,0.35979075384465936
140.5083222001724,7,3,1659,119,0.9317673378076062,0.7,0.05555555555555555,0.9981949458483754,0.10294117647058822,0.0018050541516245488,0.9444444444444444,0.5268752507019655,0.8173695872251828,0.35979075384465936
141.40327452046273,7,3,1659,119,0.9317673378076062,0.7,0.05555555555555555,0.9981949458483754,0.10294117647058822,0.0018050541516245488,0.9444444444444444,0.5268752507019655,0.8173695872251828,0.35979075384465936
142.29822684075305,7,3,1659,119,0.9317673378076062,0.7,0.05555555555555555,0.9981949458483754,0.10294117647058822,0.0018050541516245488,0.9444444444444444,0.5268752507019655,0.8173695872251828,0.35979075384465936
143.19317916104336,7,3,1659,119,0.9317673378076062,0.7,0.05555555555555555,0.9981949458483754,0.10294117647058822,0.0018050541516245488,0.9444444444444444,0.5268752507019655,0.8173695872251828,0.35979075384465936
144.08813148133368,7,3,1659,119,0.9317673378076062,0.7,0.05555555555555555,0.9981949458483754,0.10294117647058822,0.0018050541516245488,0.9444444444444444,0.5268752507019655,0.8173695872251828,0.35979075384465936
144.98308380162402,6,2,1660,120,0.9317673378076062,0.75,0.047619047619047616,0.9987966305655837,0.08955223880597014,0.0012033694344163659,0.9523809523809523,0.5232078390923156,0.8173695872251828,0.35979075384465936
145.87803612191433,5,2,1660,121,0.9312080536912751,0.7142857142857143,0.03968253968253968,0.9987966305655837,0.07518796992481203,0.0012033694344163659,0.9603174603174603,0.5192395851240617,0.8173695872251828,0.35979075384465936
146.77298844220465,5,2,1660,121,0.9312080536912751,0.7142857142857143,0.03968253968253968,0.9987966305655837,0.07518796992481203,0.0012033694344163659,0.9603174603174603,0.5192395851240617,0.8173695872251828,0.35979075384465936
147.66794076249496,5,1,1661,121,0.9317673378076062,0.8333333333333334,0.03968253968253968,0.9993983152827918,0.07575757575757576,0.0006016847172081829,0.9603174603174603,0.5195404274826657,0.8173695872251828,0.35979075384465936
148.5628930827853,5,1,1661,121,0.9317673378076062,0.8333333333333334,0.03968253968253968,0.9993983152827918,0.07575757575757576,0.0006016847172081829,0.9603174603174603,0.5195404274826657,0.8173695872251828,0.35979075384465936
149.45784540307562,5,1,1661,121,0.9317673378076062,0.8333333333333334,0.03968253968253968,0.9993983152827918,0.07575757575757576,0.0006016847172081829,0.9603174603174603,0.5195404274826657,0.8173695872251828,0.35979075384465936
150.35279772336594,5,1,1661,121,0.9317673378076062,0.8333333333333334,0.03968253968253968,0.9993983152827918,0.07575757575757576,0.0006016847172081829,0.9603174603174603,0.5195404274826657,0.8173695872251828,0.35979075384465936
151.24775004365625,5,1,1661,121,0.9317673378076062,0.8333333333333334,0.03968253968253968,0.9993983152827918,0.07575757575757576,0.0006016847172081829,0.9603174603174603,0.5195404274826657,0.8173695872251828,0.35979075384465936
152.1427023639466,5,1,1661,121,0.9317673378076062,0.8333333333333334,0.03968253968253968,0.9993983152827918,0.07575757575757576,0.0006016847172081829,0.9603174603174603,0.5195404274826657,0.8173695872251828,0.35979075384465936
153.0376546842369,4,1,1661,122,0.9312080536912751,0.8,0.031746031746031744,0.9993983152827918,0.061068702290076333,0.0006016847172081829,0.9682539682539683,0.5155721735144118,0.8173695872251828,0.35979075384465936
153.93260700452723,4,1,1661,122,0.9312080536912751,0.8,0.031746031746031744,0.9993983152827918,0.061068702290076333,0.0006016847172081829,0.9682539682539683,0.5155721735144118,0.8173695872251828,0.35979075384465936
154.82755932481754,4,1,1661,122,0.9312080536912751,0.8,0.031746031746031744,0.9993983152827918,0.061068702290076333,0.0006016847172081829,0.9682539682539683,0.5155721735144118,0.8173695872251828,0.35979075384465936
155.72251164510786,4,0,1662,122,0.9317673378076062,1.0,0.031746031746031744,1.0,0.06153846153846154,0.0,0.9682539682539683,0.5158730158730158,0.8173695872251828,0.35979075384465936
156.6174639653982,4,0,1662,122,0.9317673378076062,1.0,0.031746031746031744,1.0,0.06153846153846154,0.0,0.9682539682539683,0.5158730158730158,0.8173695872251828,0.35979075384465936
157.51241628568852,4,0,1662,122,0.9317673378076062,1.0,0.031746031746031744,1.0,0.06153846153846154,0.0,0.9682539682539683,0.5158730158730158,0.8173695872251828,0.35979075384465936
158.40736860597883,4,0,1662,122,0.9317673378076062,1.0,0.031746031746031744,1.0,0.06153846153846154,0.0,0.9682539682539683,0.5158730158730158,0.8173695872251828,0.35979075384465936
159.30232092626915,4,0,1662,122,0.9317673378076062,1.0,0.031746031746031744,1.0,0.06153846153846154,0.0,0.9682539682539683,0.5158730158730158,0.8173695872251828,0.35979075384465936
160.1972732465595,4,0,1662,122,0.9317673378076062,1.0,0.031746031746031744,1.0,0.06153846153846154,0.0,0.9682539682539683,0.5158730158730158,0.8173695872251828,0.35979075384465936
161.0922255668498,4,0,1662,122,0.9317673378076062,1.0,0.031746031746031744,1.0,0.06153846153846154,0.0,0.9682539682539683,0.5158730158730158,0.8173695872251828,0.35979075384465936
161.98717788714012,4,0,1662,122,0.9317673378076062,1.0,0.031746031746031744,1.0,0.06153846153846154,0.0,0.9682539682539683,0.5158730158730158,0.8173695872251828,0.35979075384465936
162.88213020743044,3,0,1662,123,0.9312080536912751,1.0,0.023809523809523808,1.0,0.046511627906976744,0.0,0.9761904761904762,0.5119047619047619,0.8173695872251828,0.35979075384465936
163.77708252772078,3,0,1662,123,0.9312080536912751,1.0,0.023809523809523808,1.0,0.046511627906976744,0.0,0.9761904761904762,0.5119047619047619,0.8173695872251828,0.35979075384465936
164.6720348480111,3,0,1662,123,0.9312080536912751,1.0,0.023809523809523808,1.0,0.046511627906976744,0.0,0.9761904761904762,0.5119047619047619,0.8173695872251828,0.35979075384465936
165.5669871683014,3,0,1662,123,0.9312080536912751,1.0,0.023809523809523808,1.0,0.046511627906976744,0.0,0.9761904761904762,0.5119047619047619,0.8173695872251828,0.35979075384465936
166.46193948859172,3,0,1662,123,0.9312080536912751,1.0,0.023809523809523808,1.0,0.046511627906976744,0.0,0.9761904761904762,0.5119047619047619,0.8173695872251828,0.35979075384465936
167.35689180888207,3,0,1662,123,0.9312080536912751,1.0,0.023809523809523808,1.0,0.046511627906976744,0.0,0.9761904761904762,0.5119047619047619,0.8173695872251828,0.35979075384465936
168.25184412917238,3,0,1662,123,0.9312080536912751,1.0,0.023809523809523808,1.0,0.046511627906976744,0.0,0.9761904761904762,0.5119047619047619,0.8173695872251828,0.35979075384465936
169.1467964494627,3,0,1662,123,0.9312080536912751,1.0,0.023809523809523808,1.0,0.046511627906976744,0.0,0.9761904761904762,0.5119047619047619,0.8173695872251828,0.35979075384465936
170.041748769753,3,0,1662,123,0.9312080536912751,1.0,0.023809523809523808,1.0,0.046511627906976744,0.0,0.9761904761904762,0.5119047619047619,0.8173695872251828,0.35979075384465936
170.93670109004336,2,0,1662,124,0.930648769574944,1.0,0.015873015873015872,1.0,0.03125,0.0,0.9841269841269841,0.5079365079365079,0.8173695872251828,0.35979075384465936
171.83165341033367,2,0,1662,124,0.930648769574944,1.0,0.015873015873015872,1.0,0.03125,0.0,0.9841269841269841,0.5079365079365079,0.8173695872251828,0.35979075384465936
172.726605730624,2,0,1662,124,0.930648769574944,1.0,0.015873015873015872,1.0,0.03125,0.0,0.9841269841269841,0.5079365079365079,0.8173695872251828,0.35979075384465936
173.6215580509143,2,0,1662,124,0.930648769574944,1.0,0.015873015873015872,1.0,0.03125,0.0,0.9841269841269841,0.5079365079365079,0.8173695872251828,0.35979075384465936
174.51651037120462,1,0,1662,125,0.930089485458613,1.0,0.007936507936507936,1.0,0.015748031496062992,0.0,0.9920634920634921,0.503968253968254,0.8173695872251828,0.35979075384465936
175.41146269149496,1,0,1662,125,0.930089485458613,1.0,0.007936507936507936,1.0,0.015748031496062992,0.0,0.9920634920634921,0.503968253968254,0.8173695872251828,0.35979075384465936
176.30641501178528,1,0,1662,125,0.930089485458613,1.0,0.007936507936507936,1.0,0.015748031496062992,0.0,0.9920634920634921,0.503968253968254,0.8173695872251828,0.35979075384465936
177.2013673320756,1,0,1662,125,0.930089485458613,1.0,0.007936507936507936,1.0,0.015748031496062992,0.0,0.9920634920634921,0.503968253968254,0.8173695872251828,0.35979075384465936
178.0963196523659,1,0,1662,125,0.930089485458613,1.0,0.007936507936507936,1.0,0.015748031496062992,0.0,0.9920634920634921,0.503968253968254,0.8173695872251828,0.35979075384465936
178.99127197265625,1,0,1662,125,0.930089485458613,1.0,0.007936507936507936,1.0,0.015748031496062992,0.0,0.9920634920634921,0.503968253968254,0.8173695872251828,0.35979075384465936
