fly_error_mean_km_delta_weighted_minus_weather,fly_error_mean_km_improved,fly_error_mean_km_weather,fly_error_mean_km_weighted,gated_fly_error_mean_km_delta_weighted_minus_weather,gated_fly_error_mean_km_improved,gated_fly_error_mean_km_weather,gated_fly_error_mean_km_weighted,gated_mean_error_km_delta_weighted_minus_weather,gated_mean_error_km_improved,gated_mean_error_km_weather,gated_mean_error_km_weighted,gated_median_error_km_delta_weighted_minus_weather,gated_median_error_km_improved,gated_median_error_km_weather,gated_median_error_km_weighted,gated_migration50_error_mean_km_delta_weighted_minus_weather,gated_migration50_error_mean_km_improved,gated_migration50_error_mean_km_weather,gated_migration50_error_mean_km_weighted,gated_p90_error_km_delta_weighted_minus_weather,gated_p90_error_km_improved,gated_p90_error_km_weather,gated_p90_error_km_weighted,gated_p95_error_km_delta_weighted_minus_weather,gated_p95_error_km_improved,gated_p95_error_km_weather,gated_p95_error_km_weighted,gated_stationary_error_mean_km_delta_weighted_minus_weather,gated_stationary_error_mean_km_improved,gated_stationary_error_mean_km_weather,gated_stationary_error_mean_km_weighted,k,kind,mean_error_km_delta_weighted_minus_weather,mean_error_km_improved,mean_error_km_weather,mean_error_km_weighted,median_error_km_delta_weighted_minus_weather,median_error_km_improved,median_error_km_weather,median_error_km_weighted,migration50_error_mean_km_delta_weighted_minus_weather,migration50_error_mean_km_improved,migration50_error_mean_km_weather,migration50_error_mean_km_weighted,model,model_family,p90_error_km_delta_weighted_minus_weather,p90_error_km_improved,p90_error_km_weather,p90_error_km_weighted,p95_error_km_delta_weighted_minus_weather,p95_error_km_improved,p95_error_km_weather,p95_error_km_weighted,setup,stationary_error_mean_km_delta_weighted_minus_weather,stationary_error_mean_km_improved,stationary_error_mean_km_weather,stationary_error_mean_km_weighted
0.0,False,125.0659985604233,125.0659985604233,,,,,,,,,,,,,,,,,,,,,,,,,,,,,7,persistence,0.0,False,14.923289710207357,14.923289710207357,0.0,False,0.7386321611583204,0.7386321611583204,0.0,False,143.19965037479795,143.19965037479795,persistence,baseline,0.0,False,33.240053740375686,33.240053740375686,0.0,False,104.3792604099195,104.3792604099195,setup_30km,0.0,False,2.354452063636169,2.354452063636169
0.0,False,109.17166379159896,109.17166379159896,,,,,,,,,,,,,,,,,,,,,,,,,,,,,7,const_velocity,0.0,False,17.8170676659345,17.8170676659345,0.0,False,1.763707701548658,1.763707701548658,0.0,False,116.09933869184148,116.09933869184148,const_velocity,baseline,0.0,False,54.11542864244548,54.11542864244548,0.0,False,113.61396151611616,113.61396151611616,setup_30km,0.0,False,7.392218858801617,7.392218858801617
0.0,False,125.18693432868216,125.18693432868216,,,,,,,,,,,,,,,,,,,,,,,,,,,,,14,persistence,0.0,False,15.89449731571084,15.89449731571084,0.0,False,0.7254620855826754,0.7254620855826754,0.0,False,142.88954710816134,142.88954710816134,persistence,baseline,0.0,False,42.2899299132938,42.2899299132938,0.0,False,106.70000145805624,106.70000145805624,setup_30km,0.0,False,2.380328755600693,2.380328755600693
0.0,False,108.83508627174578,108.83508627174578,,,,,,,,,,,,,,,,,,,,,,,,,,,,,14,const_velocity,0.0,False,18.699088483856144,18.699088483856144,0.0,False,1.7985175450952855,1.7985175450952855,0.0,False,115.97701697014838,115.97701697014838,const_velocity,baseline,0.0,False,59.68489376262655,59.68489376262655,0.0,False,118.22454949275478,118.22454949275478,setup_30km,0.0,False,7.553641454482236,7.553641454482236
0.0,False,128.01192579365977,128.01192579365977,,,,,,,,,,,,,,,,,,,,,,,,,,,,,30,persistence,0.0,False,16.339407133996552,16.339407133996552,0.0,False,0.8082727182331646,0.8082727182331646,0.0,False,146.62910503452096,146.62910503452096,persistence,baseline,0.0,False,40.923995571751,40.923995571751,0.0,False,108.11717038463664,108.11717038463664,setup_30km,0.0,False,2.539791640227164,2.539791640227164
0.0,False,113.1596434195498,113.1596434195498,,,,,,,,,,,,,,,,,,,,,,,,,,,,,30,const_velocity,0.0,False,19.54231281414791,19.54231281414791,0.0,False,2.28170494968953,2.28170494968953,0.0,False,119.9864140083335,119.9864140083335,const_velocity,baseline,0.0,False,61.88703872289553,61.88703872289553,0.0,False,120.5658292818282,120.5658292818282,setup_30km,0.0,False,7.973816093438845,7.973816093438845
0.0,False,93.61969260039535,93.61969260039535,,,,,,,,,,,,,,,,,,,,,,,,,,,,,7,persistence,0.0,False,14.923289710207357,14.923289710207357,0.0,False,0.7386321611583204,0.7386321611583204,0.0,False,143.19965037479795,143.19965037479795,persistence,baseline,0.0,False,33.240053740375686,33.240053740375686,0.0,False,104.3792604099195,104.3792604099195,setup_10km,0.0,False,1.5901718052503633,1.5901718052503633
0.0,False,89.9617353052174,89.9617353052174,,,,,,,,,,,,,,,,,,,,,,,,,,,,,7,const_velocity,0.0,False,17.8170676659345,17.8170676659345,0.0,False,1.763707701548658,1.763707701548658,0.0,False,116.09933869184148,116.09933869184148,const_velocity,baseline,0.0,False,54.11542864244548,54.11542864244548,0.0,False,113.61396151611616,113.61396151611616,setup_10km,0.0,False,5.593975827915725,5.593975827915725
0.0,False,93.93371469095976,93.93371469095976,,,,,,,,,,,,,,,,,,,,,,,,,,,,,14,persistence,0.0,False,15.89449731571084,15.89449731571084,0.0,False,0.7254620855826754,0.7254620855826754,0.0,False,142.88954710816134,142.88954710816134,persistence,baseline,0.0,False,42.2899299132938,42.2899299132938,0.0,False,106.70000145805624,106.70000145805624,setup_10km,0.0,False,1.5691165038207362,1.5691165038207362
0.0,False,90.15228767695773,90.15228767695773,,,,,,,,,,,,,,,,,,,,,,,,,,,,,14,const_velocity,0.0,False,18.699088483856144,18.699088483856144,0.0,False,1.7985175450952855,1.7985175450952855,0.0,False,115.97701697014838,115.97701697014838,const_velocity,baseline,0.0,False,59.68489376262655,59.68489376262655,0.0,False,118.22454949275478,118.22454949275478,setup_10km,0.0,False,5.582679541066511,5.582679541066511
0.0,False,94.74983597748766,94.74983597748766,,,,,,,,,,,,,,,,,,,,,,,,,,,,,30,persistence,0.0,False,16.339407133996552,16.339407133996552,0.0,False,0.8082727182331646,0.8082727182331646,0.0,False,146.62910503452096,146.62910503452096,persistence,baseline,0.0,False,40.923995571751,40.923995571751,0.0,False,108.11717038463664,108.11717038463664,setup_10km,0.0,False,1.7234280732580762,1.7234280732580762
0.0,False,92.8596643149508,92.8596643149508,,,,,,,,,,,,,,,,,,,,,,,,,,,,,30,const_velocity,0.0,False,19.54231281414791,19.54231281414791,0.0,False,2.28170494968953,2.28170494968953,0.0,False,119.9864140083335,119.9864140083335,const_velocity,baseline,0.0,False,61.88703872289553,61.88703872289553,0.0,False,120.5658292818282,120.5658292818282,setup_10km,0.0,False,5.875701240533331,5.875701240533331
0.0,False,78.83565382841991,78.83565382841991,,,,,,,,,,,,,,,,,,,,,,,,,,,,,7,direct_transformer,0.0,False,14.274545749690583,14.274545749690583,0.0,False,3.393367978676742,3.393367978676742,0.0,False,85.63335244676999,85.63335244676999,direct_transformer_2l_k7,direct,0.0,False,42.71279991782659,42.71279991782659,0.0,False,73.72902169497426,73.72902169497426,setup_30km,0.0,False,6.907212095060814,6.907212095060814
0.0,False,78.0894468173427,78.0894468173427,,,,,,,,,,,,,,,,,,,,,,,,,,,,,14,direct_transformer,0.0,False,17.997934694275028,17.997934694275028,0.0,False,5.690100844258756,5.690100844258756,0.0,False,83.42578259590567,83.42578259590567,direct_transformer_2l_k14,direct,0.0,False,51.870697438876746,51.870697438876746,0.0,False,81.51231870934316,81.51231870934316,setup_30km,0.0,False,10.56753195042682,10.56753195042682
0.0,False,83.42587035878118,83.42587035878118,,,,,,,,,,,,,,,,,,,,,,,,,,,,,30,direct_transformer,0.0,False,16.326040345787863,16.326040345787863,0.0,False,4.981664223752452,4.981664223752452,0.0,False,91.93875220300542,91.93875220300542,direct_transformer_2l_k30,direct,0.0,False,46.23775820331507,46.23775820331507,0.0,False,80.65821171813832,80.65821171813832,setup_30km,0.0,False,8.03436872424456,8.03436872424456
0.0,False,81.98958137808206,81.98958137808206,,,,,,,,,,,,,,,,,,,,,,,,,,,,,1,direct_mlp_last,0.0,False,14.341497833291358,14.341497833291358,0.0,False,3.705290085413627,3.705290085413627,0.0,False,90.46299049628546,90.46299049628546,direct_mlp_last_day_k1,direct,0.0,False,41.45636946891305,41.45636946891305,0.0,False,72.70787373290777,72.70787373290777,setup_30km,0.0,False,6.882026181212439,6.882026181212439
0.0,False,88.62028340462689,88.62028340462689,,,,,,,,,,,,,,,,,,,,,,,,,,,,,30,direct_mlp_sequence,0.0,False,18.586050673238304,18.586050673238304,0.0,False,5.975712751993324,5.975712751993324,0.0,False,95.914167713624,95.914167713624,direct_mlp_sequence_k30,direct,0.0,False,53.49648411692534,53.49648411692534,0.0,False,91.12696708464252,91.12696708464252,setup_30km,0.0,False,9.931768539245322,9.931768539245322
0.0,False,65.4064701739166,65.4064701739166,,,,,,,,,,,,,,,,,,,,,,,,,,,,,7,direct_transformer,0.0,False,14.274545749690583,14.274545749690583,0.0,False,3.393367978676742,3.393367978676742,0.0,False,85.63335244676999,85.63335244676999,direct_transformer_2l_k7,direct,0.0,False,42.71279991782659,42.71279991782659,0.0,False,73.72902169497426,73.72902169497426,setup_10km,0.0,False,5.611532549368605,5.611532549368605
0.0,False,65.37336569658001,65.37336569658001,,,,,,,,,,,,,,,,,,,,,,,,,,,,,14,direct_transformer,0.0,False,17.997934694275028,17.997934694275028,0.0,False,5.690100844258756,5.690100844258756,0.0,False,83.42578259590567,83.42578259590567,direct_transformer_2l_k14,direct,0.0,False,51.870697438876746,51.870697438876746,0.0,False,81.51231870934316,81.51231870934316,setup_10km,0.0,False,9.301395786509248,9.301395786509248
0.0,False,66.73622140130604,66.73622140130604,,,,,,,,,,,,,,,,,,,,,,,,,,,,,30,direct_transformer,0.0,False,16.326040345787863,16.326040345787863,0.0,False,4.981664223752452,4.981664223752452,0.0,False,91.93875220300542,91.93875220300542,direct_transformer_2l_k30,direct,0.0,False,46.23775820331507,46.23775820331507,0.0,False,80.65821171813832,80.65821171813832,setup_10km,0.0,False,6.929405719211012,6.929405719211012
0.0,False,64.51159748980898,64.51159748980898,,,,,,,,,,,,,,,,,,,,,,,,,,,,,1,direct_mlp_last,0.0,False,14.341497833291358,14.341497833291358,0.0,False,3.705290085413627,3.705290085413627,0.0,False,90.46299049628546,90.46299049628546,direct_mlp_last_day_k1,direct,0.0,False,41.45636946891305,41.45636946891305,0.0,False,72.70787373290777,72.70787373290777,setup_10km,0.0,False,6.028217933622376,6.028217933622376
0.0,False,71.22722171585409,71.22722171585409,,,,,,,,,,,,,,,,,,,,,,,,,,,,,30,direct_mlp_sequence,0.0,False,18.586050673238304,18.586050673238304,0.0,False,5.975712751993324,5.975712751993324,0.0,False,95.914167713624,95.914167713624,direct_mlp_sequence_k30,direct,0.0,False,53.49648411692534,53.49648411692534,0.0,False,91.12696708464252,91.12696708464252,setup_10km,0.0,False,8.773551685031418,8.773551685031418
-12.698300006297387,True,95.11162926022936,82.41332925393198,-12.937911608504194,True,95.8188615102419,82.88094990173771,0.4750804919830518,False,13.021246533239529,13.49632702522258,0.026249513608051056,False,0.8049111122092937,0.8311606258173447,-18.67046522349473,True,108.45493994042224,89.7844747169275,9.47672268412888,False,37.64401178689472,47.1207344710236,15.996035820187657,False,72.3788529975105,88.37488881769816,2.005692203149765,False,3.572870049377394,5.578562252527159,7,triline_transformer,1.0671779529863432,False,13.549866778737258,14.6170447317236,0.8260592635376507,False,1.5161320210107774,2.342191284548428,-18.594958904692632,True,107.92681077217256,89.33185186747993,triline_transformer_2l_k7,triline,10.959421680754886,False,36.48237871926583,47.44180040002072,15.85524853499301,False,72.31724599812188,88.17249453311489,setup_30km,2.638013275667367,False,4.242518507575996,6.880531783243363
-12.853038173737318,True,93.34261202627331,80.489573852536,-11.563049490030906,True,94.04178089334624,82.47873140331534,0.4068076909334959,False,13.665953716963786,14.072761407897282,0.010529165480136937,False,0.7943819467291567,0.8049111122092937,-17.796175372545505,True,105.39782039094018,87.60164501839468,13.249459774494696,False,40.8284821356872,54.0779419101819,10.698900467398957,False,78.67988192011674,89.3787823875157,1.886897914969755,False,3.727365958224381,5.614263873194136,14,triline_transformer,1.3402018073143012,False,14.188580945556987,15.528782752871289,1.0069251050793522,False,1.7028902049009171,2.7098153099802693,-19.019869013110736,True,104.79755146051735,85.77768244740662,triline_transformer_2l_k14,triline,12.36889248576827,False,40.258355217889566,52.62724770365784,11.210145408588843,False,77.84251024700623,89.05265565559507,setup_30km,3.095216543560519,False,4.401070048439367,7.496286591999886
-16.796729723064615,True,101.65096468770189,84.85423496463727,-16.065085411635224,True,102.26116602396873,86.1960806123335,0.037016236280535963,False,14.400190185961598,14.437206422242134,0.0,False,0.8943188355892671,0.8943188355892671,-22.897771845628114,True,116.36683542829492,93.4690635826668,12.07324890021539,False,42.87763058899984,54.95087948921523,9.43348917586998,False,82.23977067129404,91.67325984716402,2.0267878833230877,False,3.543018716882836,5.569806600205924,30,triline_transformer,0.6625598741350611,False,15.064154058450226,15.726713932585287,0.6209772869351999,False,2.339560026817386,2.960537313752586,-23.690368018469215,True,115.71112399004396,92.02075597157474,triline_transformer_2l_k30,triline,10.162763988663436,False,42.31787393098227,52.48063791964571,9.43348917586998,False,82.23977067129404,91.67325984716402,setup_30km,2.8200421815771817,False,4.3644339495395865,7.184476131116768
-20.354664191219243,True,101.96621759848853,81.61155340726928,-20.28238921128066,True,102.23168151471972,81.94929230343907,0.36035691544250525,False,14.444902696173047,14.805259611615552,0.001322912205311777,False,0.9216405057608904,0.9229634179662022,-28.380021666795642,True,115.93229247194408,87.55227080514844,15.670404854952103,False,40.84840754414091,56.518812399093015,14.345239280430178,False,79.65805385044489,94.00329313087506,2.9112258552971837,False,3.596899913818896,6.50812576911608,30,triline_transformer,1.35876845754915,False,15.05578836512515,16.4145568226743,1.567690973655983,False,1.9723668340792175,3.5400578077352005,-28.600443675702564,True,115.74817302840086,87.14772935269829,triline_transformer_3l_k30,triline,14.388163199090819,False,40.84840754414091,55.23657074323173,14.345239280430178,False,79.65805385044489,94.00329313087506,setup_30km,4.041944454645142,False,4.316078002954603,8.358022457599745
-19.64338218899576,True,98.49618845821148,78.85280626921572,-18.51271456512943,True,98.67659784332182,80.16388327819239,0.1694695194903435,False,12.946384151031738,13.115853670522082,-0.015347634574434,True,0.8101464395814337,0.7947988050069997,-27.033500811569823,True,112.55421169139154,85.52071087982172,12.36788743979394,False,35.35771198184863,47.72559942164257,18.25409195786989,False,71.89647676674547,90.15056872461535,2.301370406023528,False,3.163356762722362,5.46472716874589,7,triline_transformer,1.7419295913368575,False,13.455684192575625,15.197613783912482,1.1282633312108878,False,1.642372342184084,2.7706356733949717,-28.075047648821027,True,112.37065053314667,84.29560288432565,triline_transformer_4l_k7,triline,13.063356313965215,False,35.29578366871238,48.3591399826776,18.734738566758452,False,71.4158301578569,90.15056872461535,setup_30km,4.1822955002036455,False,3.75136238448504,7.933657884688685
-12.860684201790377,True,90.61313824638503,77.75245404459466,-11.155568764487555,True,90.86600209155742,79.71043332706986,0.6478081943123115,False,13.335125130238705,13.982933324551016,-0.008305416461371395,True,0.8132165286706651,0.8049111122092937,-18.732280123906023,True,102.10450377366892,83.3722236497629,12.954355829269602,False,43.15769604579574,56.11205187506534,18.954888733668525,False,75.43824254960815,94.39313128327667,2.107312897101668,False,3.748319597262367,5.855632494364035,14,triline_transformer,2.24637919596214,False,13.869489745626955,16.115868941589095,1.0543848605701693,False,1.6261108801531965,2.680495740723366,-20.5584860774739,True,101.87417455106194,81.31568847358804,triline_transformer_4l_k14,triline,16.898645709102695,False,41.94839489202008,58.84704060112278,17.901827918834954,False,75.43824254960815,93.3400704684431,setup_30km,4.114389524812861,False,4.38002615507679,8.49441567988965
-8.175969345898238,True,90.97376740554492,82.79779805964668,-7.034684857242098,True,91.51216155820094,84.47747670095885,0.3131761724273492,False,13.969701057213015,14.282877229640365,0.01638161031502583,False,0.8854642098243661,0.901845820139392,-9.467031133825557,True,100.79822393819772,91.33119280437217,4.92068098532242,False,46.96983593329532,51.89051691861774,1.5525623495584,False,86.75402551684918,88.30658786640758,1.2211673069347917,False,4.387610922615333,5.608778229550125,30,triline_transformer,1.2694979388259746,False,14.527478781747355,15.79697672057333,1.2577138076508128,False,1.811046818640552,3.0687606262913647,-10.680431045727431,True,100.31343836530192,89.63300731957449,triline_transformer_4l_k30,triline,2.644046366747453,False,46.96983593329532,49.613882300042775,2.2364849217574942,False,84.69095393018844,86.92743885194594,setup_30km,2.4366948307077783,False,5.080844985037172,7.51753981574495
-11.881138339596532,True,92.4872406578954,80.60610231829887,-10.633238807686652,True,92.93136423383538,82.29812542614873,0.6620494056709578,False,12.644186858536704,13.306236264207662,-0.014195224242789295,True,0.8078201806387191,0.7936249563959298,-18.531137800293692,True,105.19681718786744,86.66567938757375,13.975068166726956,False,36.32947532285186,50.30454348957882,11.74189241990699,False,76.28940096468465,88.03129338459163,1.9510012138018569,False,3.4822867376317506,5.433287951433607,7,triline_lstm,1.4963946861962487,False,13.144139911016392,14.64053459721264,0.8122346240992278,False,1.6358304702963833,2.448065094395611,-19.790009641317653,True,104.7680104346084,84.97800079329075,triline_lstm_2l_k7,triline,13.037717451621305,False,35.731565471893994,48.7692829235153,10.400579855752113,False,76.28940096468465,86.68998082043676,setup_30km,3.022960016466893,False,4.0899722582193885,7.1129322746862815
-10.666478047023489,True,90.8422876037572,80.17580955673371,-7.891121825033977,True,91.29552856468322,83.40440673964925,0.5664289354683341,False,13.36692678667757,13.933355722145905,-0.0161076767019398,True,0.7943819467291567,0.7782742700272169,-14.981605824694952,True,102.10951299191356,87.12790716721861,11.15285386336231,False,44.00762692473352,55.16048078809583,22.785417918360935,False,78.64604751071451,101.43146542907544,1.6122173697545121,False,3.7309420025092375,5.34315937226375,14,triline_lstm,1.744098999390868,False,13.848098031743804,15.592197031134672,0.9049001325986359,False,1.5513887192658051,2.456288851864441,-17.965578724670735,True,101.7270624749667,83.76148375029597,triline_lstm_2l_k14,triline,12.56677440078007,False,41.9472195920785,54.513993992858566,20.08341291631669,False,78.64604751071451,98.7294604270312,setup_30km,3.2786848748396142,False,4.327654673876591,7.606339548716205
-17.447210895566954,True,99.87943627791248,82.43222538234552,-15.073441851247622,True,100.58686452192808,85.51342267068046,0.09779629608702045,False,14.135104760055109,14.23290105614213,0.0,False,0.8877938092334153,0.8877938092334153,-23.530581649115106,True,114.5712139094585,91.0406322603434,14.709826034368326,False,39.08701970582193,53.79684574019026,10.094054743694926,False,82.97009542116407,93.064150164859,1.9725391201086442,False,3.4520731799275026,5.424612300036147,30,triline_lstm,1.1069785017998637,False,14.813132281766652,15.920110783566516,0.9530304239429657,False,2.283153291351017,3.2361837152939827,-26.022185497248643,True,113.85075622032528,87.82857072307664,triline_lstm_2l_k30,triline,10.726040243582595,False,39.08701970582193,49.813059949404526,9.434048387077027,False,82.97009542116407,92.4041438082411,setup_30km,3.399759953810931,False,4.301304477466179,7.70106443127711
-1.2374584584230348,True,92.06580404702854,90.8283455886055,1.2915404256636265,False,93.72728404792063,95.01882447358426,1.1352298910406216,False,13.234519146594694,14.369749037635316,-0.0024100508125664,True,0.7846681751728088,0.7822581243602424,-2.7518552625047477,True,103.09556457119815,100.3437093086934,14.067324198774791,False,39.47070320046945,53.53802739924424,21.0699407933742,False,84.2772900375076,105.3472308308818,1.1173926528554174,False,4.049158587284222,5.16655124013964,7,triline_linear_ar,2.639236122658426,False,14.092144663859758,16.731380786518184,1.317161632811855,False,2.1806689433857223,3.497830576197577,-5.774879767128482,True,101.3198083359316,95.54492856880312,triline_linear_ar_full_k7,triline,14.046757021405227,False,38.85528936446395,52.90204638586918,17.02023450511635,False,83.89639981960747,100.91663432472382,setup_30km,3.0816216904695244,False,5.19424959911377,8.275871289583295
2.148675509623004,False,93.00099020373786,95.14966571336086,2.9013908678136033,False,93.90853529468876,96.80992616250236,2.4941868185020013,False,13.771406866859078,16.26559368536108,0.014305859515323038,False,0.7846681751728088,0.7989740346881319,-1.9020092536868844,True,103.89274671948924,101.99073746580235,15.368218948625874,False,42.12511545002375,57.49333439864962,20.324114162689384,False,90.1842392120296,110.50835337471898,2.44383544642945,False,3.8623345550361528,6.306170001465603,14,triline_linear_ar,3.912392706789378,False,14.703764978922278,18.616157685711656,1.4544742417963503,False,2.5138080582047992,3.9682823000011496,-3.114819756076187,True,102.9978438003893,99.88302404431312,triline_linear_ar_full_k14,triline,14.84429160083743,False,39.47077942305357,54.315071023891,20.047845914670418,False,88.78541907685467,108.83326499152508,setup_30km,4.130478899634015,False,5.022199370210643,9.152678269844658
-0.24971780348867867,True,100.47848412511304,100.22876632162436,0.07178831061632707,False,101.43965367113135,101.51144198174768,2.2321330397987715,False,14.97390914477312,17.206042184571892,0.03939450437303593,False,0.9190131128767056,0.9584076172497416,-4.9252441084802285,True,110.89497187723627,105.96972776875604,14.849344937910828,False,45.73609625282087,60.5854411907317,18.88957899999312,False,89.138308739767,108.02788773976012,2.499091526582487,False,4.289149436946919,6.788240963529406,30,triline_linear_ar,3.5154560907432533,False,15.86964146617871,19.385097556921963,1.8032947785551072,False,2.593004967495085,4.396299746050192,-5.442806993795472,True,109.96463087499887,104.5218238812034,triline_linear_ar_full_k30,triline,13.539264185254375,False,45.41526570414933,58.9545298894037,16.93897234410896,False,89.138308739767,106.07728108387596,setup_30km,3.9807268004146925,False,5.414343152146331,9.395069952561023
0.6849626404031142,False,102.99309747648432,103.67806011688744,2.9985426819562804,False,103.66164065397555,106.66018333593183,2.227734427296216,False,15.131452323790093,17.35918675108631,-0.031219303643290286,True,0.9190131128767056,0.8877938092334153,-2.2753949602900434,True,114.64129227070477,112.36589731041472,20.406451499824485,False,46.50089957379532,66.90735107361981,17.68303222780206,False,95.13873596311288,112.82176819091494,2.1324839783818312,False,4.191584814660222,6.324068793042053,30,triline_linear_ar,4.035938058904584,False,15.854525929413168,19.89046398831775,2.7922231199455374,False,2.3834054431636678,5.175628563109205,-4.644861393289361,True,113.92248952827892,109.27762813498956,triline_linear_ar_delta_k30,triline,17.671977399187057,False,47.91859401600183,65.59057141518889,15.721013980031998,False,95.13873596311288,110.85974994314488,setup_30km,4.450025363994581,False,5.086623526400225,9.536648890394806
-4.282749114104902,True,72.5299145884556,68.2471654743507,-3.568127747969882,True,72.75252144104739,69.18439369307751,0.2417361323961309,False,12.842725072311644,13.084461204707775,-0.013307132760860707,True,0.8211273133995798,0.8078201806387191,-11.209423507949595,True,104.2687485884976,93.059325080548,11.174405398615981,False,36.09718245312243,47.27158785173841,-0.6554876772833751,True,78.25048915314991,77.59500147586654,0.8872213445936867,False,2.6925231658670503,3.579744510460737,7,triline_transformer,1.1783314508164118,False,13.252596414900404,14.430927865716816,0.6958724895285333,False,1.5134098771058668,2.2092823666344,-12.816993072440283,True,104.09316398584257,91.27617091340228,triline_transformer_2l_k7,triline,10.815533609274212,False,36.09718245312243,46.91271606239664,-1.1680889704300341,True,78.25048915314991,77.08240018271988,setup_10km,2.103573626906315,False,3.2095519646920776,5.313125591598393
-5.450897737164354,True,72.16835794048686,66.7174602033225,-4.646197266098696,True,72.36746602952147,67.72126876342277,0.19340240798899977,False,13.6204564848158,13.8138588928048,-0.012854595166415184,True,0.8211273133995798,0.8082727182331646,-15.238618342348232,True,102.4050774164857,87.16645907413746,8.470102129704983,False,43.01614849299296,51.486250622697945,6.230764221672658,False,80.04259516331003,86.27335938498268,1.0817904600505517,False,2.83647746000095,3.918267920051502,14,triline_transformer,1.3441137383493587,False,13.987858696350422,15.33197243469978,1.5060478454372608,False,1.4532346408304706,2.9592824862677314,-16.070045614861726,True,102.23165662681636,86.16161101195463,triline_transformer_2l_k14,triline,8.313324603448777,False,42.4031916795518,50.71651628300058,5.74538396274437,False,80.04259516331003,85.7879791260544,setup_10km,2.5914497609523983,False,3.307871946989714,5.8993217079421125
-2.869567727177426,True,72.01229311756906,69.14272539039163,-2.112567851492159,True,72.39441305796775,70.2818452064756,1.1091318246731419,False,14.17059113822655,15.279722962899692,-0.02111759782681022,True,0.9229634179662022,0.901845820139392,-14.69517183310154,True,102.68656895939414,87.9913971262926,13.288099173822644,False,47.98144781591744,61.269546989740086,13.961336874782404,False,89.13769234162619,103.0990292164086,1.7096679485197441,False,3.3174664382747885,5.027134386794533,30,triline_transformer,2.1034349037912765,False,14.815328975242815,16.918763879034092,0.936325997564651,False,2.1297848046189354,3.0661108021835863,-15.66037817639672,True,102.31286836544152,86.6524901890448,triline_transformer_2l_k30,triline,11.004952544072388,False,48.525265028123776,59.530217572196165,14.534749142151853,False,88.56428007425674,103.0990292164086,setup_10km,3.030420043335881,False,4.153614168010951,7.184034211346832
-7.666839098888417,True,75.00150673217041,67.334667633282,-7.4365414443615805,True,75.28582379665697,67.84928235229539,0.5812945709181125,False,14.189217000425304,14.770511571343416,0.019794685621498442,False,0.901845820139392,0.9216405057608904,-21.388612117045597,True,109.74072955675152,88.35211743970592,9.259755157243625,False,45.51701771125833,54.77677286850196,21.28295405411545,False,73.59563465551679,94.87858870963224,2.0758473369241996,False,2.8005951195487824,4.876442456472982,30,triline_transformer,1.5458191530050485,False,14.718107808187078,16.263926961192126,1.3897757801244206,False,1.8044909803968323,3.194266760521253,-21.566712979391014,True,109.39901910543718,87.83230612604616,triline_transformer_3l_k30,triline,9.260066878626553,False,45.50498697008206,54.76505384870861,21.268483057518296,False,73.59563465551679,94.86411771303509,setup_10km,3.2630909762746656,False,3.4810707280586017,6.744161704333267
-4.253954255616549,True,71.47066626101909,67.21671200540254,-4.058465657532707,True,71.94772245949284,67.88925680196013,0.050127213119187886,False,12.791029686877907,12.841156899997095,0.0012610465530162873,False,0.8088853930284174,0.8101464395814337,-11.354366430489264,True,103.93472434462636,92.5803579141371,7.130163689562423,False,37.87742454243341,45.00758823199583,6.206838501043094,False,72.04792627602778,78.25476477707087,0.7462245079892909,False,2.768422164330853,3.514646672320144,7,triline_transformer,0.6693898776791531,False,13.576151340911602,14.245541218590756,0.501836692062585,False,2.0705320312021414,2.5723687232647263,-11.631027652080775,True,103.52778075833828,91.8967531062575,triline_transformer_4l_k7,triline,7.259054961465189,False,37.86119432723284,45.12024928869803,7.66570097702899,False,70.58906380004188,78.25476477707087,setup_10km,1.503526196559036,False,3.767387977772826,5.270914174331862
-1.1535218063992545,True,70.26462999641365,69.11110819001439,-1.2763642066604177,True,70.7038382296688,69.42747402300839,1.557642682451414,False,13.112349908899366,14.66999259135078,0.03166150655533273,False,0.8078201806387191,0.8394816871940518,-13.893431385703892,True,100.49680339583094,86.60337201012705,14.191921411509128,False,43.15095555140306,57.342876962912186,18.402048913358158,False,76.92586986005985,95.327918773418,2.0778712197883733,False,2.5404857940728087,4.618357013861182,14,triline_transformer,2.171448308547948,False,13.766425139587556,15.937873448135504,1.0003808743605358,False,1.8178734811828785,2.8182543555434143,-13.656703477533824,True,99.93657279559348,86.27986931805965,triline_transformer_4l_k14,triline,14.042893577533249,False,43.04791774992344,57.09081132745669,18.851474351855913,False,76.47644442156209,95.327918773418,setup_10km,2.781801214263785,False,3.395251171114234,6.177052385378019
-6.014248925262933,True,75.46821096162849,69.45396203636555,-5.978135516224242,True,75.66216431922443,69.68402880300019,0.9956414226657397,False,14.19704072595373,15.19268214861947,0.031897437744271895,False,0.9265101795054697,0.9584076172497416,-26.091134803206742,True,113.02932594429252,86.93819114108578,17.511127231417404,False,41.43880925230683,58.94993648372424,19.423226328263084,False,82.33601991537131,101.7592462436344,2.295577913467605,False,2.7397260210677445,5.035303934535349,30,triline_transformer,1.1941611357438138,False,14.826533894024925,16.02069502976874,0.2380410825463053,False,2.16600023867596,2.404041321222265,-25.95352585325108,True,112.74343927639396,86.78991342314288,triline_transformer_4l_k30,triline,17.04758614010656,False,41.43880925230683,58.48639539241339,19.423226328263084,False,82.33601991537131,101.7592462436344,setup_10km,2.537834063782357,False,3.522712510809344,6.060546574591701
-5.346891271393034,True,73.36124674840259,68.01435547700956,-4.920995651130369,True,73.64670592517521,68.72571027404484,0.5332341943083794,False,12.754804614193892,13.288038808502272,-0.005396348031945997,True,0.8132165286706651,0.8078201806387191,-21.79522888379772,True,106.5919861602032,84.79675727640549,11.709046899042967,False,37.612164492698426,49.32121139174139,13.070861918131087,False,75.13839725758292,88.20925917571401,1.457315689004461,False,2.438209829433463,3.895525518437924,7,triline_lstm,1.2686133895386735,False,13.313058234836303,14.581671624374977,0.7608326605246349,False,1.7432076117605575,2.5040402722851924,-22.36153332422792,True,106.35808208430012,83.9965487600722,triline_lstm_2l_k7,triline,11.067300524640771,False,37.3615763812826,48.428876905923374,11.96980519037767,False,75.13839725758292,87.1082024479606,setup_10km,2.389443572438846,False,3.139409274697019,5.528852847135865
-5.43994257720469,True,72.31977017053936,66.87982759333467,-4.994571787178273,True,72.47784424905078,67.4832724618725,-0.17370185436732122,True,13.355923997873132,13.182222143505811,-0.0033616060238709222,True,0.8082727182331646,0.8049111122092937,-14.203632635273195,True,103.98037211154956,89.77673947627636,2.779087240066609,False,44.22959621385496,47.00868345392157,7.337458053440258,False,76.18393847575989,83.52139652920015,0.7112480458864372,False,2.503123951765349,3.2143719976517864,14,triline_lstm,0.5590729390576108,False,13.957055790622135,14.516128729679746,0.8791822412256662,False,1.821277179596756,2.700459420822422,-14.90583029680873,True,103.82705894230492,88.92122864549619,triline_lstm_2l_k14,triline,3.5421195174159976,False,42.84856649547535,46.39068601289135,4.25554516809521,False,76.18393847575989,80.4394836438551,setup_10km,1.6602908222875805,False,3.243620458644324,4.903911280931904
-6.169361355431192,True,73.96741818932034,67.79805683388915,-5.4280341095431055,True,74.27149007156873,68.84345596202563,0.7822366418498845,False,13.894048573304492,14.676285215154376,-0.02111759782681022,True,0.9229634179662022,0.901845820139392,-23.636547186384348,True,109.06172723697829,85.42518005059394,16.806623860116694,False,41.18983444886679,57.996458308983485,11.406864560401317,False,81.71579694310451,93.12266150350582,1.9398529003332277,False,2.6394816273561137,4.579334527689341,30,triline_lstm,1.5628739079419436,False,14.57921617856364,16.142090086505583,0.9650424397249995,False,2.33883995018863,3.3038823899136296,-24.35189559757768,True,108.7902496227712,84.43835402519352,triline_lstm_2l_k30,triline,15.838422559233372,False,41.18983444886679,57.02825700810016,11.406864560401317,False,81.71579694310451,93.12266150350582,setup_10km,3.0041896916847413,False,3.509046944102414,6.513236635787155
0.9455225929112885,False,75.86482619472844,76.81034878763973,1.8714018101368879,False,76.28621807897765,78.15761988911454,1.1768684609480342,False,13.609058861231755,14.78592732217979,-0.028225465284431928,True,0.841441993955097,0.8132165286706651,-5.97948905092872,True,103.58827240079496,97.60878334986624,17.172820430305578,False,41.72135040797117,58.89417083827675,9.93477138334616,False,90.17990769136894,100.1146790747151,1.059197326136689,False,2.9899972128350885,4.049194538971777,7,triline_linear_ar,2.497432243002736,False,14.405260315361202,16.90269255836394,1.3400444379632317,False,2.2517704747924654,3.591814912755697,-7.601290120818504,True,103.18083846603382,95.57954834521531,triline_linear_ar_full_k7,triline,13.696844753619885,False,41.39774764543489,55.094592399054775,7.9127086126026995,False,90.17990769136894,98.09261630397164,setup_10km,2.7603641380142925,False,3.992489106484954,6.752853244499247
5.8090318457714005,False,73.72258726195186,79.53161910772326,6.313978143157527,False,74.09603725138915,80.41001539454668,2.4921588165008792,False,13.764790159817029,16.256948976317908,-0.011531241275122284,True,0.8211273133995798,0.8095960721244575,-2.8386265525633547,True,103.44090537491536,100.602278822352,17.450759725745726,False,40.42821909206614,57.87897881781187,19.95349858120136,False,88.86617710902408,108.81967569022544,1.7906010729712531,False,2.689998298601861,4.480599371573114,14,triline_linear_ar,3.842809312323638,False,14.660621866990102,18.50343117931374,1.4824288098669798,False,2.4771952601941902,3.95962407006117,-3.5318323272383054,True,103.10918787925962,99.57735555202132,triline_linear_ar_full_k14,triline,15.160540988082218,False,40.33770509369587,55.498246081778085,21.379563114911917,False,86.29200909760728,107.6715722125192,setup_10km,3.481876854260673,False,3.818827520012858,7.300704374273531
5.458107727960794,False,77.73976751683485,83.19787524479564,5.526609288416637,False,78.3620781496416,83.88868743805824,3.00312596540293,False,15.013728191294106,18.016854156697036,0.05906627488546001,False,0.9216405057608904,0.9807067806463504,-3.7166356974453265,True,110.94427390111464,107.22763820366931,16.214525008552577,False,46.84695271853301,63.06147772708559,17.9088756918714,False,94.7581681029684,112.6670437948398,2.532739819665718,False,3.2053734841459995,5.738113303811717,30,triline_linear_ar,4.147665963621696,False,15.930627010661093,20.07829297428279,1.8347727094282429,False,2.6347332934154157,4.469506002843659,-3.8627088355112704,True,110.17759856937803,106.31488973386676,triline_linear_ar_full_k30,triline,14.924511205226253,False,46.84695271853301,61.77146392375926,17.9088756918714,False,94.7581681029684,112.6670437948398,setup_10km,3.903395020707616,False,4.409186346133086,8.312581366840702
5.982212018926347,False,78.72624993587563,84.70846195480198,6.578154305368258,False,79.18091832335881,85.75907262872707,2.32616021838005,False,14.759491355213871,17.08565157359392,-0.012241410248597262,True,0.9190131128767056,0.9067717026281084,-3.8019763960272854,True,112.16496622258742,108.36298982656014,16.257255857571103,False,47.22965372774804,63.48690958531914,12.611948283675105,False,94.46073424121616,107.07268252489126,1.533573601287951,False,2.751111328257029,4.28468492954498,30,triline_linear_ar,4.185976826244648,False,15.494244363985231,19.68022119022988,3.05094899154452,False,2.461170743343606,5.512119734888126,-4.679735835979358,True,111.60369119723572,106.92395536125636,triline_linear_ar_delta_k30,triline,15.4969655167803,False,47.22965372774804,62.72661924452834,12.570964024796567,False,94.46073424121616,107.03169826601273,setup_10km,3.8511522837491494,False,3.707576658698647,7.558728942447797
