fly_error_mean_km_delta_v2_minus_v1,fly_error_mean_km_improved,fly_error_mean_km_v1,fly_error_mean_km_v2,gated_fly_error_mean_km_delta_v2_minus_v1,gated_fly_error_mean_km_improved,gated_fly_error_mean_km_v1,gated_fly_error_mean_km_v2,gated_mean_error_km_delta_v2_minus_v1,gated_mean_error_km_improved,gated_mean_error_km_v1,gated_mean_error_km_v2,gated_median_error_km_delta_v2_minus_v1,gated_median_error_km_improved,gated_median_error_km_v1,gated_median_error_km_v2,gated_migration100_error_mean_km_delta_v2_minus_v1,gated_migration100_error_mean_km_improved,gated_migration100_error_mean_km_v1,gated_migration100_error_mean_km_v2,gated_migration50_error_mean_km_delta_v2_minus_v1,gated_migration50_error_mean_km_improved,gated_migration50_error_mean_km_v1,gated_migration50_error_mean_km_v2,gated_p90_error_km_delta_v2_minus_v1,gated_p90_error_km_improved,gated_p90_error_km_v1,gated_p90_error_km_v2,gated_p95_error_km_delta_v2_minus_v1,gated_p95_error_km_improved,gated_p95_error_km_v1,gated_p95_error_km_v2,gated_stationary_error_mean_km_delta_v2_minus_v1,gated_stationary_error_mean_km_improved,gated_stationary_error_mean_km_v1,gated_stationary_error_mean_km_v2,k,kind,mean_error_km_delta_v2_minus_v1,mean_error_km_improved,mean_error_km_v1,mean_error_km_v2,median_error_km_delta_v2_minus_v1,median_error_km_improved,median_error_km_v1,median_error_km_v2,migration100_error_mean_km_delta_v2_minus_v1,migration100_error_mean_km_improved,migration100_error_mean_km_v1,migration100_error_mean_km_v2,migration50_error_mean_km_delta_v2_minus_v1,migration50_error_mean_km_improved,migration50_error_mean_km_v1,migration50_error_mean_km_v2,model,model_family,p90_error_km_delta_v2_minus_v1,p90_error_km_improved,p90_error_km_v1,p90_error_km_v2,p95_error_km_delta_v2_minus_v1,p95_error_km_improved,p95_error_km_v1,p95_error_km_v2,setup,stationary_error_mean_km_delta_v2_minus_v1,stationary_error_mean_km_improved,stationary_error_mean_km_v1,stationary_error_mean_km_v2,v1_model
0.0,False,125.0659985604233,125.0659985604233,,,,,,,,,,,,,,,,,,,,,,,,,,,,,,,,,7,persistence,0.0,False,14.923289710207357,14.923289710207357,0.0,False,0.7386321611583204,0.7386321611583204,0.0,False,184.70182581939795,184.70182581939795,0.0,False,143.19965037479795,143.19965037479795,persistence,baseline,0.0,False,33.240053740375686,33.240053740375686,0.0,False,104.3792604099195,104.3792604099195,setup_30km,4.440892098500626e-16,False,2.354452063636169,2.3544520636361694,persistence
1.4210854715202004e-14,False,109.17166379159896,109.17166379159897,,,,,,,,,,,,,,,,,,,,,,,,,,,,,,,,,7,const_velocity,0.0,False,17.8170676659345,17.8170676659345,0.0,False,1.763707701548658,1.763707701548658,0.0,False,138.287399737784,138.287399737784,-1.4210854715202004e-14,True,116.09933869184148,116.09933869184147,const_velocity,baseline,0.0,False,54.11542864244548,54.11542864244548,0.0,False,113.61396151611616,113.61396151611616,setup_30km,0.0,False,7.392218858801617,7.392218858801617,const_velocity
0.0,False,125.18693432868216,125.18693432868216,,,,,,,,,,,,,,,,,,,,,,,,,,,,,,,,,14,persistence,0.0,False,15.89449731571084,15.89449731571084,0.0,False,0.7254620855826754,0.7254620855826754,2.842170943040401e-14,False,185.29211067588335,185.29211067588338,0.0,False,142.88954710816134,142.88954710816134,persistence,baseline,0.0,False,42.2899299132938,42.2899299132938,1.4210854715202004e-14,False,106.70000145805624,106.70000145805625,setup_30km,0.0,False,2.380328755600693,2.380328755600693,persistence
0.0,False,108.83508627174578,108.83508627174578,,,,,,,,,,,,,,,,,,,,,,,,,,,,,,,,,14,const_velocity,0.0,False,18.699088483856144,18.699088483856144,2.220446049250313e-16,False,1.7985175450952855,1.7985175450952857,0.0,False,138.673328031516,138.673328031516,0.0,False,115.97701697014838,115.97701697014838,const_velocity,baseline,0.0,False,59.68489376262655,59.68489376262655,0.0,False,118.22454949275478,118.22454949275478,setup_30km,0.0,False,7.553641454482236,7.553641454482236,const_velocity
0.0,False,128.01192579365977,128.01192579365977,,,,,,,,,,,,,,,,,,,,,,,,,,,,,,,,,30,persistence,0.0,False,16.339407133996552,16.339407133996552,0.0,False,0.8082727182331646,0.8082727182331646,0.0,False,189.8530443415869,189.8530443415869,0.0,False,146.62910503452096,146.62910503452096,persistence,baseline,0.0,False,40.923995571751,40.923995571751,1.4210854715202004e-14,False,108.11717038463664,108.11717038463665,setup_30km,0.0,False,2.539791640227164,2.539791640227164,persistence
0.0,False,113.1596434195498,113.1596434195498,,,,,,,,,,,,,,,,,,,,,,,,,,,,,,,,,30,const_velocity,0.0,False,19.54231281414791,19.54231281414791,0.0,False,2.28170494968953,2.28170494968953,0.0,False,141.64378290818016,141.64378290818016,0.0,False,119.9864140083335,119.9864140083335,const_velocity,baseline,0.0,False,61.88703872289553,61.88703872289553,-1.4210854715202004e-14,True,120.5658292818282,120.56582928182819,setup_30km,0.0,False,7.973816093438845,7.973816093438845,const_velocity
1.4210854715202004e-14,False,93.61969260039535,93.61969260039537,,,,,,,,,,,,,,,,,,,,,,,,,,,,,,,,,7,persistence,0.0,False,14.923289710207357,14.923289710207357,0.0,False,0.7386321611583204,0.7386321611583204,0.0,False,184.70182581939795,184.70182581939795,0.0,False,143.19965037479795,143.19965037479795,persistence,baseline,0.0,False,33.240053740375686,33.240053740375686,0.0,False,104.3792604099195,104.3792604099195,setup_10km,0.0,False,1.5901718052503633,1.5901718052503633,persistence
0.0,False,89.9617353052174,89.9617353052174,,,,,,,,,,,,,,,,,,,,,,,,,,,,,,,,,7,const_velocity,0.0,False,17.8170676659345,17.8170676659345,0.0,False,1.763707701548658,1.763707701548658,0.0,False,138.287399737784,138.287399737784,-1.4210854715202004e-14,True,116.09933869184148,116.09933869184147,const_velocity,baseline,0.0,False,54.11542864244548,54.11542864244548,0.0,False,113.61396151611616,113.61396151611616,setup_10km,0.0,False,5.593975827915725,5.593975827915725,const_velocity
1.4210854715202004e-14,False,93.93371469095976,93.93371469095977,,,,,,,,,,,,,,,,,,,,,,,,,,,,,,,,,14,persistence,0.0,False,15.89449731571084,15.89449731571084,0.0,False,0.7254620855826754,0.7254620855826754,2.842170943040401e-14,False,185.29211067588335,185.29211067588338,0.0,False,142.88954710816134,142.88954710816134,persistence,baseline,0.0,False,42.2899299132938,42.2899299132938,1.4210854715202004e-14,False,106.70000145805624,106.70000145805625,setup_10km,0.0,False,1.5691165038207362,1.5691165038207362,persistence
0.0,False,90.15228767695773,90.15228767695773,,,,,,,,,,,,,,,,,,,,,,,,,,,,,,,,,14,const_velocity,0.0,False,18.699088483856144,18.699088483856144,2.220446049250313e-16,False,1.7985175450952855,1.7985175450952857,0.0,False,138.673328031516,138.673328031516,0.0,False,115.97701697014838,115.97701697014838,const_velocity,baseline,0.0,False,59.68489376262655,59.68489376262655,0.0,False,118.22454949275478,118.22454949275478,setup_10km,0.0,False,5.582679541066511,5.582679541066511,const_velocity
0.0,False,94.74983597748766,94.74983597748766,,,,,,,,,,,,,,,,,,,,,,,,,,,,,,,,,30,persistence,0.0,False,16.339407133996552,16.339407133996552,0.0,False,0.8082727182331646,0.8082727182331646,0.0,False,189.8530443415869,189.8530443415869,0.0,False,146.62910503452096,146.62910503452096,persistence,baseline,0.0,False,40.923995571751,40.923995571751,1.4210854715202004e-14,False,108.11717038463664,108.11717038463665,setup_10km,0.0,False,1.7234280732580762,1.7234280732580762,persistence
0.0,False,92.8596643149508,92.8596643149508,,,,,,,,,,,,,,,,,,,,,,,,,,,,,,,,,30,const_velocity,0.0,False,19.54231281414791,19.54231281414791,0.0,False,2.28170494968953,2.28170494968953,0.0,False,141.64378290818016,141.64378290818016,0.0,False,119.9864140083335,119.9864140083335,const_velocity,baseline,0.0,False,61.88703872289553,61.88703872289553,-1.4210854715202004e-14,True,120.5658292818282,120.56582928182819,setup_10km,0.0,False,5.875701240533331,5.875701240533331,const_velocity
0.0,False,78.83565382841991,78.83565382841991,,,,,,,,,,,,,,,,,,,,,,,,,,,,,,,,,7,direct_transformer,1.7763568394002505e-15,False,14.274545749690583,14.274545749690585,0.0,False,3.393367978676742,3.393367978676742,0.0,False,96.57695266547712,96.57695266547712,0.0,False,85.63335244676999,85.63335244676999,direct_transformer_2l_k7,direct,0.0,False,42.71279991782659,42.71279991782659,0.0,False,73.72902169497426,73.72902169497426,setup_30km,0.0,False,6.907212095060814,6.907212095060814,direct_transformer_2l_k7
0.0,False,78.0894468173427,78.0894468173427,,,,,,,,,,,,,,,,,,,,,,,,,,,,,,,,,14,direct_transformer,0.0,False,17.997934694275028,17.997934694275028,-8.881784197001252e-16,True,5.690100844258756,5.6901008442587555,0.0,False,99.74452267801782,99.74452267801782,0.0,False,83.42578259590567,83.42578259590567,direct_transformer_2l_k14,direct,0.0,False,51.870697438876746,51.870697438876746,0.0,False,81.51231870934316,81.51231870934316,setup_30km,0.0,False,10.56753195042682,10.56753195042682,direct_transformer_2l_k14
0.0,False,81.98958137808206,81.98958137808206,,,,,,,,,,,,,,,,,,,,,,,,,,,,,,,,,1,direct_mlp_last,0.0,False,14.341497833291358,14.341497833291358,0.0,False,3.705290085413627,3.705290085413627,0.0,False,109.21153872933226,109.21153872933226,0.0,False,90.46299049628546,90.46299049628546,direct_mlp_last_day_k1,direct,0.0,False,41.45636946891305,41.45636946891305,0.0,False,72.70787373290777,72.70787373290777,setup_30km,0.0,False,6.882026181212439,6.882026181212439,direct_mlp_last_day_k1
0.0,False,65.4064701739166,65.4064701739166,,,,,,,,,,,,,,,,,,,,,,,,,,,,,,,,,7,direct_transformer,1.7763568394002505e-15,False,14.274545749690583,14.274545749690585,0.0,False,3.393367978676742,3.393367978676742,0.0,False,96.57695266547712,96.57695266547712,0.0,False,85.63335244676999,85.63335244676999,direct_transformer_2l_k7,direct,0.0,False,42.71279991782659,42.71279991782659,0.0,False,73.72902169497426,73.72902169497426,setup_10km,0.0,False,5.611532549368605,5.611532549368605,direct_transformer_2l_k7
0.0,False,65.37336569658001,65.37336569658001,,,,,,,,,,,,,,,,,,,,,,,,,,,,,,,,,14,direct_transformer,0.0,False,17.997934694275028,17.997934694275028,-8.881784197001252e-16,True,5.690100844258756,5.6901008442587555,0.0,False,99.74452267801782,99.74452267801782,0.0,False,83.42578259590567,83.42578259590567,direct_transformer_2l_k14,direct,0.0,False,51.870697438876746,51.870697438876746,0.0,False,81.51231870934316,81.51231870934316,setup_10km,0.0,False,9.301395786509248,9.301395786509248,direct_transformer_2l_k14
0.0,False,64.51159748980898,64.51159748980898,,,,,,,,,,,,,,,,,,,,,,,,,,,,,,,,,1,direct_mlp_last,0.0,False,14.341497833291358,14.341497833291358,0.0,False,3.705290085413627,3.705290085413627,0.0,False,109.21153872933226,109.21153872933226,0.0,False,90.46299049628546,90.46299049628546,direct_mlp_last_day_k1,direct,0.0,False,41.45636946891305,41.45636946891305,0.0,False,72.70787373290777,72.70787373290777,setup_10km,0.0,False,6.028217933622376,6.028217933622376,direct_mlp_last_day_k1
7.941816366766062,False,80.60610231829887,88.54791868506493,7.237645315777087,False,82.29812542614873,89.53577074192582,-0.7020682224876165,True,13.306236264207662,12.604168041720046,-0.003658289061158726,True,0.7936249563959298,0.789966667334771,26.969725210483745,False,102.55250856063611,129.52223377111986,13.186510755119471,False,86.66567938757375,99.85219014269322,-11.59085325141757,True,50.30454348957882,38.71369023816125,-13.365860052077608,True,88.03129338459163,74.66543333251403,-1.6081015992265315,True,5.433287951433607,3.825186352207076,7,triline_lstm,-1.4986544630180276,True,14.64053459721264,13.141880134194613,-0.8247027927494437,True,2.448065094395611,1.6233623016461673,27.35159200182619,False,101.672728199522,129.0243202013482,13.852171015822023,False,84.97800079329075,98.83017180911277,triline_lstm_2l_k7__mild_bins,triline,-10.396288534436266,True,48.7692829235153,38.37299438907903,-12.024547487922732,True,86.68998082043676,74.66543333251403,setup_30km,-2.575945428578973,True,7.1129322746862815,4.536986846107308,triline_lstm_2l_k7
3.5603670503719087,False,80.60610231829887,84.16646936867077,3.2621327614453293,False,82.29812542614873,85.56025818759406,-0.6943360444879509,True,13.306236264207662,12.611900219719711,0.0,False,0.7936249563959298,0.7936249563959298,17.55647147673281,False,102.55250856063611,120.10898003736892,7.092212755476311,False,86.66567938757375,93.75789214305006,-6.650843497295455,True,50.30454348957882,43.653699992283364,-11.300896522061237,True,88.03129338459163,76.7303968625304,-1.14582497729715,True,5.433287951433607,4.287462974136457,7,triline_lstm,-1.3263380890616308,True,14.64053459721264,13.31419650815101,-0.7127544734695299,True,2.448065094395611,1.7353106209260811,17.662736570476355,False,101.672728199522,119.33546476999835,7.353095183871531,False,84.97800079329075,92.33109597716228,triline_lstm_2l_k7__medium_bins,triline,-6.260911757873394,True,48.7692829235153,42.508371165641904,-10.539776526270657,True,86.68998082043676,76.1502042941661,setup_30km,-1.883980116984974,True,7.1129322746862815,5.228952157701308,triline_lstm_2l_k7
3.5531924120105316,False,80.60610231829887,84.1592947303094,3.239102426190172,False,82.29812542614873,85.5372278523389,-0.7047443897583996,True,13.306236264207662,12.601491874449263,-0.003658289061158726,True,0.7936249563959298,0.789966667334771,17.3992178421085,False,102.55250856063611,119.95172640274461,7.075006042511703,False,86.66567938757375,93.74068543008545,-5.86126387672325,True,50.30454348957882,44.44327961285557,-10.001782547474264,True,88.03129338459163,78.02951083711737,-1.15479297536214,True,5.433287951433607,4.2784949760714674,7,triline_lstm,-1.307208271496206,True,14.64053459721264,13.333326325716435,-0.6970564475467849,True,2.448065094395611,1.7510086468488262,17.53225056828036,False,101.672728199522,119.20497876780236,7.3568994231489455,False,84.97800079329075,92.33490021643969,triline_lstm_2l_k7__distance_only,triline,-6.585267538740709,True,48.7692829235153,42.18401538477459,-8.959469137167702,True,86.68998082043676,77.73051168326906,setup_30km,-1.86184858973421,True,7.1129322746862815,5.2510836849520715,triline_lstm_2l_k7
1.7421187335003765,False,80.60610231829887,82.34822105179924,1.2311310671521483,False,82.29812542614873,83.52925649330088,-0.26618866662295027,True,13.306236264207662,13.040047597584712,0.0011738486110699498,False,0.7936249563959298,0.7947988050069997,6.222021280742268,False,102.55250856063611,108.77452984137838,3.1673745737030004,False,86.66567938757375,89.83305396127675,-4.909449212025642,True,50.30454348957882,45.39509427755318,-0.8296817660875178,True,88.03129338459163,87.20161161850412,-0.4370539815882788,True,5.433287951433607,4.996233969845329,7,triline_lstm,-0.18223100961445127,True,14.64053459721264,14.45830358759819,-0.09206004418467284,True,2.448065094395611,2.356005050210938,6.241834672771603,False,101.672728199522,107.9145628722936,3.7183862436920663,False,84.97800079329075,88.69638703698281,triline_lstm_2l_k7__current_bins,triline,-3.5555864312339622,True,48.7692829235153,45.213696492281336,-0.2702771771926251,True,86.68998082043676,86.41970364324413,setup_30km,-0.40182647579571995,True,7.1129322746862815,6.711105798890562,triline_lstm_2l_k7
5.431239878204238,False,82.41332925393198,87.84456913213621,5.548109138984444,False,82.88094990173771,88.42905904072215,-0.635682377023679,True,13.49632702522258,12.860644648198901,-0.01794409714667966,True,0.8311606258173447,0.8132165286706651,13.030241426436746,False,113.81152007938532,126.84176150582206,8.75507675346499,False,89.7844747169275,98.5395514703925,-3.623358310408449,True,47.1207344710236,43.497376160615154,-14.014481510903266,True,88.37488881769816,74.3604073067949,-1.3413402677393176,True,5.578562252527159,4.237221984787841,7,triline_transformer,-1.2996574306189288,True,14.6170447317236,13.317387301104672,-0.8197934921762973,True,2.342191284548428,1.5223977923721308,12.916118750614913,False,113.5901349354511,126.50625368606602,8.595201548709923,False,89.33185186747993,97.92705341618985,triline_transformer_2l_k7__mild_bins,triline,-4.671992462478144,True,47.44180040002072,42.76980793754257,-15.239584886163527,True,88.17249453311489,72.93290964695136,setup_30km,-2.067747814208354,True,6.880531783243363,4.812783969035009,triline_transformer_2l_k7
5.791816501987867,False,82.41332925393198,88.20514575591984,6.993427161300517,False,82.88094990173771,89.87437706303822,-0.6582573519728374,True,13.49632702522258,12.838069673249743,-0.036361820810345,True,0.8311606258173447,0.7947988050069997,19.224600573878078,False,113.81152007938532,133.0361206532634,11.317957416975673,False,89.7844747169275,101.10243213390318,-5.005703703037597,True,47.1207344710236,42.115030767986006,-11.925365790293327,True,88.37488881769816,76.44952302740484,-1.5314225516857123,True,5.578562252527159,4.047139700841447,7,triline_transformer,-0.5967020523542335,True,14.6170447317236,14.020342679369367,-0.12736255494441462,True,2.342191284548428,2.2148287296040134,17.8998428772217,False,113.5901349354511,131.4899778126728,9.820446191538934,False,89.33185186747993,99.15229805901886,triline_transformer_2l_k7__medium_bins,triline,-6.698037979898615,True,47.44180040002072,40.7437624201221,-12.494247036712466,True,88.17249453311489,75.67824749640242,setup_30km,-1.325722187684561,True,6.880531783243363,5.554809595558802,triline_transformer_2l_k7
3.7063805970346664,False,82.41332925393198,86.11970985096664,3.4870612843422464,False,82.88094990173771,86.36801118607995,-0.6759319337228167,True,13.49632702522258,12.820395091499764,-0.01003331241776495,True,0.8311606258173447,0.8211273133995798,11.420723362818947,False,113.81152007938532,125.23224344220426,6.741495349929053,False,89.7844747169275,96.52597006685656,-5.968061586342252,True,47.1207344710236,41.15267288468135,-11.754917832726974,True,88.37488881769816,76.61997098497119,-1.1509882168653771,True,5.578562252527159,4.427574035661782,7,triline_transformer,-1.193215799133716,True,14.6170447317236,13.423828932589885,-0.5295188212300626,True,2.342191284548428,1.8126724633183655,11.573120327329192,False,113.5901349354511,125.1632552627803,6.915966141511689,False,89.33185186747993,96.24781800899162,triline_transformer_2l_k7__distance_only,triline,-6.289127515339366,True,47.44180040002072,41.15267288468135,-11.552523548143697,True,88.17249453311489,76.61997098497119,setup_30km,-1.752328901399176,True,6.880531783243363,5.128202881844187,triline_transformer_2l_k7
2.8416405118507697,False,82.41332925393198,85.25496976578275,5.189684439383257,False,82.88094990173771,88.07063434112096,-0.8951584820362033,True,13.49632702522258,12.601168543186377,-0.04890250145710229,True,0.8311606258173447,0.7822581243602424,14.829640083542202,False,113.81152007938532,128.64116016292752,8.026223234923592,False,89.7844747169275,97.8106979518511,-6.962191433554366,True,47.1207344710236,40.15854303746924,-12.58522032264878,True,88.37488881769816,75.78966849504938,-1.5895249415375226,True,5.578562252527159,3.9890373109896364,7,triline_transformer,-0.6803287005449903,True,14.6170447317236,13.93671603117861,-0.10565848961201763,True,2.342191284548428,2.2365327949364104,12.567398895896105,False,113.5901349354511,126.15753383134721,5.4958029132134385,False,89.33185186747993,94.82765478069336,triline_transformer_2l_k7__current_bins,triline,-4.4109477122305805,True,47.44180040002072,43.03085268779014,-12.656579041727142,True,88.17249453311489,75.51591549138774,setup_30km,-1.082235097154716,True,6.880531783243363,5.798296686088647,triline_transformer_2l_k7
5.721249374206849,False,78.85280626921572,84.57405564342257,5.052701896961793,False,80.16388327819239,85.21658517515418,-0.3840515960125295,True,13.115853670522082,12.731802074509552,0.013021375631719345,False,0.7947988050069997,0.8078201806387191,17.857153756161708,False,104.39622936533478,122.25338312149648,8.58579858704357,False,85.52071087982172,94.10650946686529,-3.0331408784240352,True,47.72559942164257,44.692458543218535,-12.90841683807534,True,90.15056872461535,77.24215188654001,-1.0044619045201069,True,5.46472716874589,4.460265264225783,7,triline_transformer,-1.8474608093905047,True,15.197613783912482,13.350152974521977,-0.91244411440945,True,2.7706356733949717,1.8581915589855218,18.139241787385657,False,103.75798084494669,121.89722263233234,9.358824814094447,False,84.29560288432565,93.6544276984201,triline_transformer_4l_k7__mild_bins,triline,-5.362100702400319,True,48.3591399826776,42.99703928027728,-12.90841683807534,True,90.15056872461535,77.24215188654001,setup_30km,-2.7111574669781877,True,7.933657884688685,5.2225004177104974,triline_transformer_4l_k7
2.849454244389534,False,78.85280626921572,81.70226051360525,2.195832754081252,False,80.16388327819239,82.35971603227364,-0.42453100830011437,True,13.115853670522082,12.691322662221967,0.013021375631719345,False,0.7947988050069997,0.8078201806387191,12.721519466992959,False,104.39622936533478,117.11774883232773,5.190637366829577,False,85.52071087982172,90.7113482466513,-2.654802825189819,True,47.72559942164257,45.07079659645275,-12.656724020353693,True,90.15056872461535,77.49384470426166,-0.7235514977009903,True,5.46472716874589,4.7411756710449,7,triline_transformer,-1.7158434605676067,True,15.197613783912482,13.481770323344875,-0.8511170649057296,True,2.7706356733949717,1.9195186084892422,13.078904253521642,False,103.75798084494669,116.83688509846833,5.869241602949671,False,84.29560288432565,90.16484448727532,triline_transformer_4l_k7__medium_bins,triline,-3.4764582372654615,True,48.3591399826776,44.882681745412135,-12.656724020353693,True,90.15056872461535,77.49384470426166,setup_30km,-2.236808363835986,True,7.933657884688685,5.696849520852699,triline_transformer_4l_k7
5.109620131741295,False,78.85280626921572,83.96242640095701,5.722100708840756,False,80.16388327819239,85.88598398703314,-0.3431797271436494,True,13.115853670522082,12.772673943378432,0.0,False,0.7947988050069997,0.7947988050069997,17.35480623046368,False,104.39622936533478,121.75103559579846,9.148713722420226,False,85.52071087982172,94.66942460224195,-2.5780309949434184,True,47.72559942164257,45.14756842669915,-11.14656830931321,True,90.15056872461535,79.00400041530214,-1.0353138309496748,True,5.46472716874589,4.429413337796215,7,triline_transformer,-1.2449624893542044,True,15.197613783912482,13.952651294558278,-0.7666022577050806,True,2.7706356733949717,2.004033415689891,16.9495237536524,False,103.75798084494669,120.70750459859909,8.719851195172353,False,84.29560288432565,93.015454079498,triline_transformer_4l_k7__distance_only,triline,-4.862443308740424,True,48.3591399826776,43.49669667393717,-11.14656830931321,True,90.15056872461535,79.00400041530214,setup_30km,-1.970110055725458,True,7.933657884688685,5.963547828963227,triline_transformer_4l_k7
2.0944732094744154,False,78.85280626921572,80.94727947869013,1.7288010365437287,False,80.16388327819239,81.89268431473612,0.27035101548015206,False,13.115853670522082,13.386204686002234,0.004175229681132153,False,0.7947988050069997,0.7989740346881319,-1.1553319392453716,True,104.39622936533478,103.2408974260894,1.5135298648108488,False,85.52071087982172,87.03424074463257,0.3900492085698133,False,47.72559942164257,48.115648630212384,2.0375153721420816,False,90.15056872461535,92.18808409675744,0.10392128334677242,False,5.46472716874589,5.5686484520926625,7,triline_transformer,-0.20028241612194542,True,15.197613783912482,14.997331367790537,0.11527229362903846,False,2.7706356733949717,2.88590796702401,-1.0353624787617548,True,103.75798084494669,102.72261836618493,1.9793336125841137,False,84.29560288432565,86.27493649690976,triline_transformer_4l_k7__current_bins,triline,0.03369298750362759,False,48.3591399826776,48.392832970181225,2.0375153721420816,False,90.15056872461535,92.18808409675744,setup_30km,-0.46214642144525087,True,7.933657884688685,7.471511463243434,triline_transformer_4l_k7
6.827742727000228,False,80.17580955673371,87.00355228373394,3.9264682456627185,False,83.40440673964925,87.33087498531197,-0.8558110774757708,True,13.933355722145905,13.077544644670134,0.011692397307554114,False,0.7782742700272169,0.789966667334771,19.15326374381486,False,99.85083282206936,119.00409656588423,10.013867179434286,False,87.12790716721861,97.1417743466529,-9.178319468677614,True,55.16048078809583,45.98216131941822,-22.724987606082962,True,101.43146542907544,78.70647782299248,-1.44714686100078,True,5.34315937226375,3.8960125112629695,14,triline_lstm,-1.8284602727321513,True,15.592197031134672,13.763736758402521,-0.5027495398689346,True,2.456288851864441,1.9535393119955065,21.16328659713784,False,97.70345686712444,118.86674346426229,13.089660822073043,False,83.76148375029597,96.85114457236901,triline_lstm_2l_k14__mild_bins,triline,-8.563559151421309,True,54.513993992858566,45.95043484143726,-20.022982604038717,True,98.7294604270312,78.70647782299248,setup_30km,-2.898812344898233,True,7.606339548716205,4.707527203817972,triline_lstm_2l_k14
4.157147562366561,False,80.17580955673371,84.33295711910027,2.0983281955307973,False,83.40440673964925,85.50273493518004,-0.9285928978883753,True,13.933355722145905,13.00476282425753,0.0161076767019398,False,0.7782742700272169,0.7943819467291567,18.555956374822827,False,99.85083282206936,118.40678919689219,8.222778724244023,False,87.12790716721861,95.35068589146263,-11.966250100704904,True,55.16048078809583,43.19423068739093,-22.878631337686244,True,101.43146542907544,78.5528340913892,-1.302876087033158,True,5.34315937226375,4.040283285230592,14,triline_lstm,-1.6619320024072088,True,15.592197031134672,13.930265028727463,-0.4143000566718156,True,2.456288851864441,2.0419887951926254,19.940086940582475,False,97.70345686712444,117.64354380770692,10.390216216677558,False,83.76148375029597,94.15169996697352,triline_lstm_2l_k14__medium_bins,triline,-12.192097040324384,True,54.513993992858566,42.32189695253418,-20.92829464932541,True,98.7294604270312,77.80116577770579,setup_30km,-2.381469641536915,True,7.606339548716205,5.22486990717929,triline_lstm_2l_k14
3.4542439768178923,False,80.17580955673371,83.6300535335516,1.1087864812370896,False,83.40440673964925,84.51319322088634,-0.8729900327978353,True,13.933355722145905,13.06036568934807,0.0161076767019398,False,0.7782742700272169,0.7943819467291567,16.680457521708803,False,99.85083282206936,116.53129034377817,6.879665847875614,False,87.12790716721861,94.00757301509422,-10.205687923774434,True,55.16048078809583,44.9547928643214,-21.906329426269238,True,101.43146542907544,79.5251360028062,-1.118039576856929,True,5.34315937226375,4.225119795406821,14,triline_lstm,-1.6059346688552765,True,15.592197031134672,13.986262362279396,-0.37976180898373,True,2.456288851864441,2.076527042880711,18.56069633003152,False,97.70345686712444,116.26415319715596,9.418361854965298,False,83.76148375029597,93.17984560526126,triline_lstm_2l_k14__distance_only,triline,-9.451255419356109,True,54.513993992858566,45.06273857350246,-20.645424970560697,True,98.7294604270312,78.0840354564705,setup_30km,-2.2316331071999285,True,7.606339548716205,5.374706441516277,triline_lstm_2l_k14
-0.4085047919301985,True,80.17580955673371,79.76730476480351,-1.7338867518274554,True,83.40440673964925,81.67051998782179,-0.9608068462279054,True,13.933355722145905,12.972548875918,0.0011841649504296115,False,0.7782742700272169,0.7794584349776466,7.320698596832287,False,99.85083282206936,107.17153141890165,2.0018513623779057,False,87.12790716721861,89.12975852959651,-6.773095180662004,True,55.16048078809583,48.38738560743383,-19.064785253240487,True,101.43146542907544,82.36668017583496,-0.8652143931703682,True,5.34315937226375,4.477944979093381,14,triline_lstm,-0.9939398475345254,True,15.592197031134672,14.598257183600147,0.22866314063770155,False,2.456288851864441,2.6849519925021426,8.09242189106456,False,97.70345686712444,105.795878758189,3.4990609020369305,False,83.76148375029597,87.2605446523329,triline_lstm_2l_k14__current_bins,triline,-6.688068496023391,True,54.513993992858566,47.825925496835175,-17.769905854395915,True,98.7294604270312,80.95955457263528,setup_30km,-1.066329742376892,True,7.606339548716205,6.540009806339313,triline_lstm_2l_k14
1.190879672649757,False,68.01435547700956,69.20523514965932,0.9163749994485499,False,68.72571027404484,69.6420852734934,-0.7263151032501369,True,13.288038808502272,12.561723705252135,-0.013021375631719345,True,0.8078201806387191,0.7947988050069997,19.17932687879147,False,101.31048723805176,120.48981411684323,12.132620118329157,False,84.79675727640549,96.92937739473464,-10.404196281412652,True,49.32121139174139,38.91701511032874,-9.008520216676615,True,88.20925917571401,79.2007389590374,-1.0046274531951447,True,3.895525518437924,2.890898065242779,7,triline_lstm,-1.3390552616352434,True,14.581671624374977,13.242616362739733,-0.6689157358349513,True,2.5040402722851924,1.835124536450241,19.22635488951491,False,100.9410141634236,120.16736905293851,12.39996067342868,False,83.9965487600722,96.39650943350088,triline_lstm_2l_k7__mild_bins,triline,-9.511861795594633,True,48.428876905923374,38.91701511032874,-8.520290311502677,True,87.1082024479606,78.58791213645792,setup_10km,-1.7676888399420054,True,5.528852847135865,3.7611640071938597,triline_lstm_2l_k7
-0.1173353665609227,True,68.01435547700956,67.89702011044864,-0.5710343482282383,True,68.72571027404484,68.1546759258166,-0.6592006546198448,True,13.288038808502272,12.628838153882427,0.014967213079884245,False,0.8078201806387191,0.8227873937186033,11.96899960620074,False,101.31048723805176,113.2794868442525,8.022754796727583,False,84.79675727640549,92.81951207313307,-6.18963080022467,True,49.32121139174139,43.13158059151672,-11.060359014288792,True,88.20925917571401,77.14890016142522,-0.6741382085002141,True,3.895525518437924,3.2213873099377097,7,triline_lstm,-1.2925527027438761,True,14.581671624374977,13.2891189216311,-0.6348773934715335,True,2.5040402722851924,1.869162878813659,12.240999100541572,False,100.9410141634236,113.18201326396517,8.530160459284872,False,83.9965487600722,92.52670921935707,triline_lstm_2l_k7__medium_bins,triline,-6.610382866928703,True,48.428876905923374,41.81849403899467,-9.715303771993774,True,87.1082024479606,77.39289867596682,setup_10km,-1.4916635989450873,True,5.528852847135865,4.037189248190778,triline_lstm_2l_k7
0.4651587294688966,False,68.01435547700956,68.47951420647846,0.35722554112449245,False,68.72571027404484,69.08293581516934,-0.746932265813296,True,13.288038808502272,12.541106542688976,-0.02556205627847663,True,0.8078201806387191,0.7822581243602424,9.812266235718084,False,101.31048723805176,111.12275347376985,8.695778294575817,False,84.79675727640549,93.4925355709813,-5.722984957588466,True,49.32121139174139,43.59822643415293,-8.694960003977457,True,88.20925917571401,79.51429917173655,-0.9340039194709959,True,3.895525518437924,2.961521598966928,7,triline_lstm,-1.248396861372136,True,14.581671624374977,13.33327476300284,-0.6241516062123589,True,2.5040402722851924,1.8798886660728336,9.869947197807491,False,100.9410141634236,110.8109613612311,8.622617970942969,False,83.9965487600722,92.61916673101517,triline_lstm_2l_k7__distance_only,triline,-5.716413250102349,True,48.428876905923374,42.712463655821026,-9.048563363049212,True,87.1082024479606,78.05963908491138,setup_10km,-1.5387155784965083,True,5.528852847135865,3.990137268639357,triline_lstm_2l_k7
-0.0065277077417675855,True,68.01435547700956,68.00782776926779,0.4577939179254571,False,68.72571027404484,69.1835041919703,-0.3076097804285176,True,13.288038808502272,12.980429028073754,-0.01785351330394802,True,0.8078201806387191,0.789966667334771,8.756186087432425,False,101.31048723805176,110.06667332548419,5.097707177529202,False,84.79675727640549,89.89446445393469,-4.485408630063283,True,49.32121139174139,44.83580276167811,-0.6199955561351658,True,88.20925917571401,87.58926361957884,-0.4372881059967626,True,3.895525518437924,3.4582374124411612,7,triline_lstm,-0.5166183110375417,True,14.581671624374977,14.065053313337435,-0.3849383941331683,True,2.5040402722851924,2.119101878152024,8.24874306013109,False,100.9410141634236,109.1897572235547,4.453171805487955,False,83.9965487600722,88.44972056556016,triline_lstm_2l_k7__current_bins,triline,-4.395540864910458,True,48.428876905923374,44.033336041012916,-0.4574678045678553,True,87.1082024479606,86.65073464339274,setup_10km,-0.6030402808630697,True,5.528852847135865,4.925812566272795,triline_lstm_2l_k7
2.33957381780759,False,68.2471654743507,70.58673929215828,1.6441437455200685,False,69.18439369307751,70.82853743859758,-0.28557998007375573,True,13.084461204707775,12.79888122463402,0.015794640591318188,False,0.8078201806387191,0.8236148212300373,6.943467827949206,False,121.61312526882696,128.55659309677617,6.154964867854929,False,93.059325080548,99.21428994840294,-4.463250400348429,True,47.27158785173841,42.80833745138998,-4.981419727183095,True,77.59500147586654,72.61358174868344,-0.6125229280664062,True,3.579744510460737,2.967221582394331,7,triline_transformer,-1.2014147809567959,True,14.430927865716816,13.22951308476002,-0.7612501256056707,True,2.2092823666344,1.4480322410287294,8.03776088369709,False,120.46703727767878,128.50479816137587,7.74229597433164,False,91.27617091340228,99.01846688773392,triline_transformer_2l_k7__mild_bins,triline,-4.646341717859116,True,46.91271606239664,42.266374344537525,-4.541230477547003,True,77.08240018271988,72.54116970517288,setup_10km,-1.8013458674298861,True,5.313125591598393,3.5117797241685067,triline_transformer_2l_k7
1.582564284059785,False,68.2471654743507,69.82972975841048,0.8393223959913882,False,69.18439369307751,70.0237160890689,0.01021261445819377,False,13.084461204707775,13.094673819165969,0.036785834208622026,False,0.8078201806387191,0.8446060148473411,4.479817226655314,False,121.61312526882696,126.09294249548228,3.972237294608007,False,93.059325080548,97.03156237515601,-4.646654425094617,True,47.27158785173841,42.62493342664379,3.226689958342405,False,77.59500147586654,80.82169143420894,-0.13025909793710877,True,3.579744510460737,3.4494854125236283,7,triline_transformer,-0.6863853398447368,True,14.430927865716816,13.74454252587208,-0.35563951561732265,True,2.2092823666344,1.8536428510170775,5.522754789189392,False,120.46703727767878,125.98979206686818,5.499308703329788,False,91.27617091340228,96.77547961673207,triline_transformer_2l_k7__medium_bins,triline,-4.287782635752848,True,46.91271606239664,42.62493342664379,3.739291251489064,False,77.08240018271988,80.82169143420894,setup_10km,-1.0708015487804934,True,5.313125591598393,4.242324042817899,triline_transformer_2l_k7
0.4401799815489511,False,68.2471654743507,68.68734545589965,-0.20128576556643907,True,69.18439369307751,68.98310792751107,-0.08856097165544519,True,13.084461204707775,12.99590023305233,0.023340445178625657,False,0.8078201806387191,0.8311606258173447,0.8174149934072545,False,121.61312526882696,122.43054026223422,1.5076233182636543,False,93.059325080548,94.56694839881166,-2.827186707842344,True,47.27158785173841,44.444401143896066,-1.9176658269253437,True,77.59500147586654,75.6773356489412,-0.06946260231670909,True,3.579744510460737,3.510281908144028,7,triline_transformer,-0.7093086595366156,True,14.430927865716816,13.7216192061802,-0.20356874798159774,True,2.2092823666344,2.0057136186528024,1.7942082178941234,False,120.46703727767878,122.26124549557291,2.9580384422923345,False,91.27617091340228,94.23420935569462,triline_transformer_2l_k7__distance_only,triline,-2.6914059068800427,True,46.91271606239664,44.2213101555166,-1.4050645337786847,True,77.08240018271988,75.6773356489412,setup_10km,-0.9040604781602584,True,5.313125591598393,4.4090651134381345,triline_transformer_2l_k7
-1.349622375787746,True,68.2471654743507,66.89754309856295,-1.41120557114931,True,69.18439369307751,67.7731881219282,-0.2000357163087667,True,13.084461204707775,12.884425488399009,0.0010652123896983667,False,0.8078201806387191,0.8088853930284174,-6.344019747844328,True,121.61312526882696,115.26910552098263,-1.684293912521099,True,93.059325080548,91.37503116802691,-2.1447365248656425,True,47.27158785173841,45.12685132687277,3.4943123953964346,False,77.59500147586654,81.08931387126297,0.005166426158304649,False,3.579744510460737,3.5849109366190417,7,triline_transformer,-0.7200831778271262,True,14.430927865716816,13.71084468788969,-0.3708469081347925,True,2.2092823666344,1.8384354584996077,-5.702324353674413,True,120.46703727767878,114.76471292400437,-0.8440239618084462,True,91.27617091340228,90.43214695159384,triline_transformer_2l_k7__current_bins,triline,-2.1120678485372792,True,46.91271606239664,44.80064821385936,3.7753695710290174,False,77.08240018271988,80.8577697537489,setup_10km,-0.6134236604421526,True,5.313125591598393,4.69970193115624,triline_transformer_2l_k7
1.4584491797121757,False,67.21671200540254,68.67516118511472,1.2022274150288865,False,67.88925680196013,69.09148421698902,-0.2160204280552822,True,12.841156899997095,12.625136471941813,-0.005235327372140053,True,0.8101464395814337,0.8049111122092937,4.773728729292628,False,121.7131174018488,126.48684613114143,3.92791152188515,False,92.5803579141371,96.50826943602225,-4.157109251327547,True,45.00758823199583,40.850478980668285,-4.405206276380952,True,78.25476477707087,73.84955850068992,-0.4563067056463752,True,3.514646672320144,3.0583399666737687,7,triline_transformer,-0.6927572185752577,True,14.245541218590756,13.552784000015498,-0.5331478730616279,True,2.5723687232647263,2.0392208502030984,4.897025333328131,False,121.36505084211323,126.26207617544136,4.146185645163939,False,91.8967531062575,96.04293875142145,triline_transformer_4l_k7__mild_bins,triline,-3.9474785671546613,True,45.12024928869803,41.172770721543365,-4.60265557652184,True,78.25476477707087,73.65210920054903,setup_10km,-1.0572248116657184,True,5.270914174331862,4.213689362666144,triline_transformer_4l_k7
1.70203441743692,False,67.21671200540254,68.91874642283946,1.3341322572127439,False,67.88925680196013,69.22338905917287,0.03294932106591553,False,12.841156899997095,12.87410622106301,0.0,False,0.8101464395814337,0.8101464395814337,-2.384534113407952,True,121.7131174018488,119.32858328844085,1.4876631833453189,False,92.5803579141371,94.06802109748241,-1.493856848208658,True,45.00758823199583,43.513731383787174,2.260813645374128,False,78.25476477707087,80.515578422445,-0.18750326464848532,True,3.514646672320144,3.3271434076716586,7,triline_transformer,-0.5831009567671206,True,14.245541218590756,13.662440261823635,-0.4627344094911203,True,2.5723687232647263,2.109634313773606,-2.162715177284255,True,121.36505084211323,119.20233566482898,1.853782472935876,False,91.8967531062575,93.75053557919338,triline_transformer_4l_k7__medium_bins,triline,-2.1879408148135724,True,45.12024928869803,42.932308473884454,2.260813645374128,False,78.25476477707087,80.515578422445,setup_10km,-0.9702594323020843,True,5.270914174331862,4.300654742029778,triline_transformer_4l_k7
-0.2986643247245411,True,67.21671200540254,66.918047680678,-0.6223053704582497,True,67.88925680196013,67.26695143150188,0.010021052301080857,False,12.841156899997095,12.851177952298176,-0.002326258942714654,True,0.8101464395814337,0.8078201806387191,-7.2354551585415265,True,121.7131174018488,114.47766224330728,-2.865653385069322,True,92.5803579141371,89.71470452906777,0.38130508748264447,False,45.00758823199583,45.38889331947848,2.243319137646708,False,78.25476477707087,80.49808391471758,0.11715279453375116,False,3.514646672320144,3.631799466853895,7,triline_transformer,-0.5366085706375863,True,14.245541218590756,13.70893264795317,-0.48854187993568665,True,2.5723687232647263,2.0838268433290397,-7.094713520753729,True,121.36505084211323,114.2703373213595,-2.613899637909057,True,91.8967531062575,89.28285346834845,triline_transformer_4l_k7__distance_only,triline,0.9298829809501612,False,45.12024928869803,46.05013226964819,2.243319137646708,False,78.25476477707087,80.49808391471758,setup_10km,-0.5769222135621748,True,5.270914174331862,4.693991960769687,triline_transformer_4l_k7
-0.9447717703228307,True,67.21671200540254,66.27194023507971,-0.42699803996896435,True,67.88925680196013,67.46225876199117,0.015141965132176693,False,12.841156899997095,12.856298865129272,-0.005235327372140053,True,0.8101464395814337,0.8049111122092937,-7.588884060598986,True,121.7131174018488,114.12423334124982,-2.9361946858575436,True,92.5803579141371,89.64416322827955,1.1146486045540698,False,45.00758823199583,46.1222368365499,7.189528499915184,False,78.25476477707087,85.44429327698606,0.09005142226120766,False,3.514646672320144,3.6046980945813516,7,triline_transformer,-0.1721816445420732,True,14.245541218590756,14.073359574048682,-0.2686827131703282,True,2.5723687232647263,2.303686010094398,-7.97465268845022,True,121.36505084211323,113.39039815366301,-3.524619569364475,True,91.8967531062575,88.37213353689303,triline_transformer_4l_k7__current_bins,triline,0.6828429302854531,False,45.12024928869803,45.80309221898348,6.2656363380312,False,78.25476477707087,84.52040111510208,setup_10km,-0.041285760347539835,True,5.270914174331862,5.229628413984322,triline_transformer_4l_k7
2.2339612701638885,False,66.87982759333467,69.11378886349856,2.09854986217303,False,67.4832724618725,69.58182232404553,-0.22868330843282259,True,13.182222143505811,12.953538835072989,-0.02024293703648483,True,0.8049111122092937,0.7846681751728088,11.716267113824031,False,110.59883846955483,122.31510558337887,8.222520970884574,False,89.77673947627636,97.99926044716094,-2.9479291165996315,True,47.00868345392157,44.06075433732194,-7.309529632806985,True,83.52139652920015,76.21186689639316,-0.6558852016384424,True,3.2143719976517864,2.558486796013344,14,triline_lstm,-0.9721070519227695,True,14.516128729679746,13.544021677756977,-1.0673650488112216,True,2.700459420822422,1.6330943720112006,11.745835066958222,False,110.25576741684864,122.00160248380686,8.638019886624448,False,88.92122864549619,97.55924853212063,triline_lstm_2l_k14__mild_bins,triline,-2.6472219290280634,True,46.39068601289135,43.74346408386329,-4.227616747461937,True,80.4394836438551,76.21186689639316,setup_10km,-1.5606335795785409,True,4.903911280931904,3.3432777013533634,triline_lstm_2l_k14
1.3262954942779146,False,66.87982759333467,68.20612308761258,1.2085000714631775,False,67.4832724618725,68.69177253333568,-0.14590564648314164,True,13.182222143505811,13.03631649702267,-0.02024293703648483,True,0.8049111122092937,0.7846681751728088,6.447173068904931,False,110.59883846955483,117.04601153845977,5.037146439045628,False,89.77673947627636,94.81388591532199,-1.9831835936620905,True,47.00868345392157,45.02549986025948,-9.088348756908772,True,83.52139652920015,74.43304777229137,-0.39452907372853563,True,3.2143719976517864,2.8198429239232508,14,triline_lstm,-0.7022814723455717,True,14.516128729679746,13.813847257334174,-0.7909971283211172,True,2.700459420822422,1.909462292501305,6.713484325343586,False,110.25576741684864,116.96925174219223,5.465311060233205,False,88.92122864549619,94.38653970572939,triline_lstm_2l_k14__medium_bins,triline,-1.432763125908572,True,46.39068601289135,44.95792288698278,-6.006435871563724,True,80.4394836438551,74.43304777229137,setup_10km,-1.074660111323663,True,4.903911280931904,3.8292511696082414,triline_lstm_2l_k14
1.3386210958349096,False,66.87982759333467,68.21844868916958,1.3900757930191077,False,67.4832724618725,68.87334825489161,-0.09806695878417493,True,13.182222143505811,13.084155184721636,-0.02265298784905123,True,0.8049111122092937,0.7822581243602424,6.233331433664006,False,110.59883846955483,116.83216990321884,4.848841483814823,False,89.77673947627636,94.62558096009118,-1.0294918171686547,True,47.00868345392157,45.979191636752915,-7.26599840025186,True,83.52139652920015,76.25539812894829,-0.3712400163704421,True,3.2143719976517864,2.8431319812813443,14,triline_lstm,-0.6200584805786953,True,14.516128729679746,13.89607024910105,-0.7487663812288132,True,2.700459420822422,1.951693039593609,6.128260049151152,False,110.25576741684864,116.3840274659998,4.974713189348165,False,88.92122864549619,93.89594183484435,triline_lstm_2l_k14__distance_only,triline,-0.5904447485711728,True,46.39068601289135,45.80024126432018,-4.184085514906812,True,80.4394836438551,76.25539812894829,setup_10km,-0.9796063049203592,True,4.903911280931904,3.924304976011545,triline_lstm_2l_k14
-0.560091837115678,True,66.87982759333467,66.31973575621899,-0.6175891641158415,True,67.4832724618725,66.86568329775666,-0.1347462741506522,True,13.182222143505811,13.047475869355159,-0.010529165480136937,True,0.8049111122092937,0.7943819467291567,-1.8602255295203491,True,110.59883846955483,108.73861294003449,-1.1799980350977108,True,89.77673947627636,88.59674144117865,1.5594892218558343,False,47.00868345392157,48.568172675777404,-3.851647175659153,True,83.52139652920015,79.669749353541,-0.0461125268668332,True,3.2143719976517864,3.168259470784953,14,triline_lstm,-0.2660123015761897,True,14.516128729679746,14.250116428103556,-0.35838831230741564,True,2.700459420822422,2.3420711085150066,-1.6492098963470312,True,110.25576741684864,108.60655752050161,-0.8296560713138916,True,88.92122864549619,88.0915725741823,triline_lstm_2l_k14__current_bins,triline,1.6966891306483305,False,46.39068601289135,48.08737514353968,-2.0179857360022027,True,80.4394836438551,78.4214979078529,setup_10km,-0.21202917005233246,True,4.903911280931904,4.691882110879572,triline_lstm_2l_k14
